Insert into menu values ('4000','4001','starters','insalata di lattuga, formaggio pecorino stagionato, aspro vinaigrette ciliegio’,’assorted fresh lettuce and aged pecorino salad with sour cherry vinaigrette',' ','veg','950','menu4001.jpg');
Insert into menu values ('4000','4002','starters','La caprese’,’fresh buffalo mozzarella, tomatoes and basil pesto',' ','veg','900','menu4002.jpg');
Insert into menu values ('4000','4003','starters','sformato di piselli e vinaigrette di carota’,’sweet pea flan, mustard cress, carrot vinaigrette',' ','veg','950','menu4003.jpg');
Insert into menu values ('4000','4004','starters','insalata di cesare’,’romaine lettuce with our special caesar dressing and minute toasted readsticks',' ','veg','900','menu4004.jpg');
Insert into menu values ('4000','4005','starters','insalata di cesare’,’romaine lettuce with our special caesar dressing and minute toasted readsticks, with crispy bacon and anchovies',' ','non-veg','1025','menu4005.jpg');
Insert into menu values ('4000','4006','starters','crostini di fegatini’,’chicken liver, Italian bread, fresh tomatoes',' ','non-veg','975','menu4006.jpg');
Insert into menu values ('4000','4007','starters','capesante alla griglia con schiuma vaniglia’,’sea scallop with asparagus, coriander and vanilla froth',' ','non-veg','1600','menu4007.jpg');
Insert into menu values ('4000','4008','starters','carpaccio di manzo al olio di tartufo’,’classic tenderloin carpaccio seasoned with truffle oil and parmesan, marinated potato shavings',' ','non-veg','1350','menu4008.jpg');
Insert into menu values ('4000','4009','starters','prosciutto di parma con melone e pecorino stagionato’,’parma ham and melon with aged pecorino cheese',' ','non-veg','1350','menu4009.jpg');
Insert into menu values ('4000','4010','starters','affettati misti’,’italian cold cut antipasti platter with a variety of cured meats served on a warm rosemary focaccia',' ','non-veg','1400','menu4010.jpg');
Insert into menu values ('4000','4011','soups','minestrone Toscana di verdure’,’authentic tuscan seasonal vegetables broyj, sweet green peas, pumpkin, cannellini beans, riso pasta, root vegetables',' ','veg','900','menu4011.jpg');
Insert into menu values ('4000','4012','soups','crema di parmigiana ‘Olio di tartufo’,’a light parmesan cream soup flavoured with truffle oil',' ','veg','900','menu4012.jpg');
Insert into menu values ('4000','4013','soups','minestra di lentieche e farro’,’saffron flavoured lentil, barley and spelt soup',' ','veg','900','menu4013.jpg');
Insert into menu values ('4000','4014','soups','tortellini ai brodo’,’home made chicken tortellini with chicken broth',' ','non-veg','950','menu4014.jpg');
Insert into menu values ('4000','4015','piatti','gnocchi di ricotta e spinaci in salsa di pomodora fresco e basilico’,’spinach and ricotta gnocchi on fresh tomato sauce and crispy basil',' ','veg','1175','menu4015.jpg');
Insert into menu values ('4000','4016','piatti','penne rigate alla pomodoro’,’penne pasta with tomato sauce and topped with buffalo mozzarella cheese',' ','veg','1175','menu4016.jpg');
Insert into menu values ('4000','4017','piatti','ravioli di porcini e funghi saltati’,’ravioli filled with porcini and wild mushrooms and topped with fresh tomatoes, garlic, basil and truffle oil',' ','veg','1300','menu4017.jpg');
Insert into menu values ('4000','4018','piatti','lasagne vegetariane’,’vegetarian lasagna with parmesan and mozzarella cheese',' ','veg','1200','menu4018.jpg');
Insert into menu values ('4000','4019','piatti','giovane anatra arrosto, mele caramellate ravioli, purea di Carciofi, noci e salsa allo zenzero’,’young roasted duck, caramelized apple ravioli, artichoke puree, walnut and ginger sauce',' ','non-veg','1625','menu4019.jpg');
Insert into menu values ('4000','4020','piatti','casareccia, pancetta, salvia, funghi’,’fresh home made pasta tossed with mushroom, onion, pancetta and infused fresh sage',' ','non-veg','1225','menu4020.jpg');
Insert into menu values ('4000','4021','piatti','lasagne alla firenze’,’traditional baked tenderloin lasagna with cheese sauce and parmesan crust',' ','non-veg','1375','menu4021.jpg');
Insert into menu values ('4000','4022','piatti','pappardelle al sugo di angello con fungi porcini’,’home made pappardelle pasta in a lamb and porcini mushroom sauce with rosemary',' ','non-veg','1825','menu4022.jpg');
Insert into menu values ('4000','4023','piatti','nero di sepia tagliolini di pasta, guscio morbido granchio, pomodori freschi, fagiolini freschi’,’home made squid ink tagliolini pasta, soft shell crab, fresh tomatoes, fresh green beans',' ','non-veg','2350','menu4023.jpg');
Insert into menu values ('4000','4024','Risotti','risotto cremoso’,creamy risotto con fungi porcini e erbe fresche’,’with porcini mushrooms and fresh herbs',' ','veg','1350','menu4024.jpg');
Insert into menu values ('4000','4025','Risotti','risotto cremoso,alla zucca’,’with fresh rosemary and pumpkin',' ','veg','1225','menu4025.jpg');
Insert into menu values ('4000','4026','Risotti','risotto cremoso,con asparagi, olio di tartufo e formaggio tallegio’,’with asparagus, truffle oil, and tallegio cheese',' ','veg','1225','menu4026.jpg');
Insert into menu values ('4000','4027','Risotti','risotto cremoso’,’con quaglia, foglie di spinaci e chicchi di caffe tostato’,’with quail, spinach leaves and toasted coffee beans',' ','non-veg','1375','menu4027.jpg');
Insert into menu values ('4000','4028','piatti','melanzane alla parmigiana’,’traditional layered crumb fried eggplants baked with tomato sauce and mozzarella',' ','veg','1250','menu4028.jpg');
Insert into menu values ('4000','4029','piatti','polenta morbida, funghi ragu, scaglie di parmigiano’,’soft polenta, mushroom ragout, parmeson shavings',' ','veg','1250','menu4029.jpg');
Insert into menu values ('4000','4030','piatti','pollo ai marsala con peperoni rossi’,’supreme of chicken with marsala, red peppers and garlic parmesan',' ','non-veg','2250','menu4030.jpg');
Insert into menu values ('4000','4031','piatti','miele e balsamico petto di anatra laccata con la tradizionale’,’honey and balsamic glazed duck breast with traditional mostarda',' ','non-veg','2250','menu4031.jpg');
Insert into menu values ('4000','4032','piatti','filetto di branzino ai capperi’,’lemon and thyme scented sea bass fillets, oven baked and finished with potatoes capers, tomatoes, saffron, garlic butter',' ','non-veg','2650','menu4032.jpg');
Insert into menu values ('4000','4033','piatti','pan brasato spigola cilena con capperi, vino bianco, verdure e olive kalamata’,’pan braised Chilean sea bass with capers, white wine, vegetables and Kalamata olives',' ','non-veg','4450','menu4033.jpg');
Insert into menu values ('4000','4034','piatti','toscana spiced bistecca di tonno, caramellato cavolfiore purea, miele aneto e glassa di limone’,’tuscan spiced tuna steak, caramelized cauliflower puree, dill honey and lemon glaze',' ','non-veg','2850','menu4034.jpg');
Insert into menu values ('4000','4035','piatti','skip’s spuntature e fagioli’,’spare ribs and beans in one dish',' ','non-veg','2800','menu4035.jpg');
Insert into menu values ('4000','4036','piatti','costaletto di agnello, cotta la polenta con scamorza, asparagi’,’lamb chops, baked saffron polenta with scamorza cheese, asparagus',' ','non-veg','3950','menu4036.jpg');
Insert into menu values ('4000','4037','pizze','pomodoro’,’tomato sauce, mozzarella, fresh basil and olive oil',' ','veg','1125','menu4037.jpg');
Insert into menu values ('4000','4038','pizze','al fiorentina’,’spinach and ricotta pizza',' ','veg','1150','menu4038.jpg');
Insert into menu values ('4000','4039','pizze','al putana’,’tomato, mozzarella cheese, artichoke, olives and capers',' ','veg','1200','menu2039.jpg');
Insert into menu values ('4000','4040','pizze','bianca’,’our version of the white pizza …fontina, mozzarella and garlic',' ','veg','1150','menu4040.jpg');
Insert into menu values ('4000','4041','pizze','bianca royale’,’the Bianca pizza with artichokes, tomato slice, red onion, spinach and bacon',' ','non-veg','1475','menu4041.jpg');
Insert into menu values ('4000','4042','pizze','donato’,’a combination of chicken, rosemary, mushroom, garlic and sun dried tomatoes',' ','non-veg','1275','menu4042.jpg');
Insert into menu values ('4000','4043','pizze','pepperoni’,’tomato sauce, pepperoni sausages and mozzarella cheese',' ','non-veg','1475','menu4043.jpg');
Insert into menu values ('4000','4044','Sano','dark rye’,’gorgonzola, fennel, parma ham',' ','non-veg','1625','menu4044.jpg');
Insert into menu values ('4000','4045','Sano','buckwheat’,’sour cream, rosemary potatoes, rocket',' ','veg','1300','menu4045.jpg');
Insert into menu values ('4000','4046','Sano','millet’,’cherry tomatoes, spinach, olives',' ','veg','1300','menu4046.jpg');
Insert into menu values ('4000','4047','Sano','emiliana’,’fresh mozzarella, tomato sauce, prosciutto, arugula, balsamic reduction, mozzarella cheese',' ','non-veg','1475','menu4047.jpg');

drop table 
update menutype set mtype='starters' where mtype= 'staters' and rid=4000;

commit;

insert into menutype values('4000','staters','starters');
insert into menutype values('4000','soups','soups');
insert into menutype values('4000','Risotti','Risotti');
insert into menutype values('4000','piatti','piatti');
insert into menutype values('4000','pizze','pizze');
insert into menutype values('4000','Sano','Sano');

Insert into menu values ('3000','3001','shorba','shorba timater’,’a delicious soup of tomatoes, cumin and fresh green coriander, garnished with crackling wheat crisps',' ','veg','495','menu3001.jpg');
Insert into menu values ('3000','3002','shorba','shorba purbahar’,’shorba of lentils cooked with fresh ginger coriander and chilies, served with a sprinkling of ground cumin and a dash of lemon juice',' ','veg','495','menu3002.jpg');
Insert into menu values ('3000','3003','shorba','shorba shahipasand’,’an ineffably fragrant, clear soup made by slow cooking chicken drumsticks with cloves, cinnamon and saffron',' ','non-veg','495','menu3003.jpg');
Insert into menu values ('3000','3004','kebab','dubiya kabab’,’roundels of cottage cheese, stuffed with spiced mashed potatoes, shallow fried and finished on dum',' ','veg','1295','menu3004.jpg');
Insert into menu values ('3000','3005','kebab','hara kabab awadhi’,’delicately flavoured kabab of spanich and chana dal, stuffed with cottage cheese, pan grilled in butter and served with a sprinkling of fenugreek',' ','veg','1295','menu30005.jpg');
Insert into menu values ('3000','3006','kebab','seekh nilofari’,’mix pf puffed lotus seed and lotus stem, flavoured with fresh herbs, mace and green cardamom. Grilled on a skewer and sprinkled with aromatic kabab masala',' ','veg','1295','menu3006.jpg');
Insert into menu values ('3000','3007','kebab','kebab labgeer’,’delicately aromatic patties of fresh beetroot and homemade cheese spiced with brown cardamom seeds and saffron. Pan grilled in butter for a crisp bite',' ','veg','1295','menu3007.jpg');
Insert into menu values ('3000','3008','kebab','sunheri gooler’,’deep fried kebab made raw banana and spices, embellished in gold dust, served with navrattan chutney',' ','veg','1295','menu3008.jpg');
Insert into menu values ('3000','3009','kebab','jhinga dumnisha’,’jumbo prawns marinatef in cheese and hung yoghurt, flash cooked in a tandoor and finally on dum. Served with a delicate saffronflavoured seafood chutney',' ','non-veg','2575','menu3009’jpg');
Insert into menu values ('3000','3010','kebab','mahi dariya’,’fillet of seasonal fish marinated with green chilli, cloves and cinnamon, dipped in butter milk batter, flavoured with royal cumin seeds, fried to light golden crisp, sprinkled with lemon juice',' ','non-veg','1675','menu3010.jpg');
Insert into menu values ('3000','3011','kebab','murgh chanditikka’,’tikka of chicken dipped in an aromatic royal cumin marinade, grilled in the tandoor before being finished on dum',' ','non-veg','1675','menu3011.jpg');
Insert into menu values ('3000','3012','kebab','seekh gilafidumpukht’,’minced chicken kabab, laced with crispy juicy tomatoes and capsicum, complimented with pungent green chilies and onions',' ','non-veg','1625','menu3012.jpg');
Insert into menu values ('3000','3013','kebab','dumpukht kakori’,’a delicate melt-in-your-mouth kabab of finely minced lamb flavoured with cloves and cinnamon, wrapped around a skewer and char grilled, served with a sprinkling of saffron',' ','non-veg','1675','menu3013.jpg');
Insert into menu values ('3000','3014','kebab','habibia chops’,’lamb chops marinated with black cumin, black pepper, figs and malt vinegar then cooked on griddle before being finished on dum',' ','non-veg','1675','menu2014’jpg');
Insert into menu values ('3000','3015','kebab','shahi shammi’,’aromatic lamb mince with crunchy scallions and coriander melange',' ','non-veg','1674','menu3015’jpg');
Insert into menu values ('3000','3016','qorma','qasr-e-pukhtan’,’paneer cubes simmered in a silky fresh tomato gravy flavoured with royal cumin seeds and dried fenugreek leaves',' ','veg','1525','menu3016.jpg');
Insert into menu values ('3000','3017','qorma','arbiqaliya’,’colacassia in a turmeric accented youghurt and onion gravy, with dumpukhtgaram masala',' ','veg','1375','menu3017.jpg');
Insert into menu values ('3000','3018','qorma','ghuncha-wa-qeemadumpukht’,’chopped florets of cauliflower, tempered with asafetida. Cooked with capsicum, ginger and tomato dices with hint of dried mango powder',' ','veg','1375','menu3018.jpg');
Insert into menu values ('3000','3019','qorma','subzpurdah’,’an aromatic preparation capsicum, tomato, cottage cheese. Mushrooms and pineapple, dum cooked in a”purdah” of puff pastry',' ','veg','1625','menu3019.jpg');
Insert into menu values ('3000','3020','qorma','subzmiloni’,’a mélange of seasonal vegetables cooked in a smooth green puree of spinach flavoured with white cumin seeds and garam masala',' ','veg','1425','menu3030.jpg');
Insert into menu values ('3000','3021','qorma','mirch baingan kasalan’,’large whole green chillies and brinjals simmered in a velvet smooth gravy of youghurt, tamarind, coconut and peanuts',' ','veg','1425','menu3021.jpg');
Insert into menu values ('3000','3022','qorma','dumpukhtbadinjaan’,’slices of round brinjals marinated, shallow fried and topped with tomato concasse and garlic flavoured spicedyoughurt. Finished on dum',' ','veg','1375','menu3022.jpg');
Insert into menu values ('3000','3023','qorma','aloo Bukhara kaftasalan’,’vegetable marbles stuffed with dried plums and almonds, simmered in a cardamom and cumin gravy',' ','veg','1425','menu3023.jpg');
Insert into menu values ('3000','3024','qorma','gucchisubz-e-zar’,’morels filled with clotted milk and green herbs. Tossed with spring onions and finished ondum with ginger juliennes',' ','veg','1775','menu3024.jpg');
Insert into menu values ('3000','3025','qorma','dumkealoo’,’barrel shaped potatoes stuffed with cashews & pomegranate seeds finished on dum with thick youghurt gravy',' ','veg','1375','menu3035.jpg');
Insert into menu values ('3000','3026','qorma','maashqaliya’,’split green moong lentils, slow cooked with spinach, fresh ginger and green chilies. Tempered with white cumin seeds and topped with browned onions',' ','veg','845','menu3026.jpg');
Insert into menu values ('3000','3027','qorma','dal dumpukht’,’arhar lentil cooked with yellow chilies, youghurt and exotically tempered with caramelized garlic',' ','veg','845','menu3027.jpg');
Insert into menu values ('3000','3028','qorma','jhingekasalan’,’prawns simmered with turmeric & fenugreek flavoured yoghurt gravy finished on dum',' ','non-veg','2575','menu3028.jpg');
Insert into menu values ('3000','3029','qorma','mahisarson’,’fillet of seasonal fish imbued with mustard seed paste, cooked on dum, served with a garnish of fresh coriander and julienne of ginger soaked in lemon juice',' ','non-veg','1845','menu3029.jpg');
Insert into menu values ('3000','3030','qorma','murghkundanqliya’, ‘morsels of chicken braised on dum with turmeric and whole spices, drizzled with saffron and garnished with gold leaf',' ','non-veg','1845','menu3030.jpg');
Insert into menu values ('3000','3031','qorma','grand Mughal roast’,’whole chicken marinated in indian spices, star anise and brown onion, roasted to perfection. Served with haldi paratha and pan reduced tamarind and spices infused jus…to serve four',' ','non-veg','2575','menu3031.jpg');
Insert into menu values ('3000','3032','qorma','murghkhushkpurdah’,’a resplendent boneless chicken, cured in star anise scented marinade, grilled in a tandoor. Dum cooked with an assortment of vegetables and sprinkling of mace behind a purdah of puff pastry',' ','non-veg','1850','menu3032.jpg');
Insert into menu values ('3000','3033','qorma','murghhandiqorma’,’boneless drumsticks of chicken simmered in brown onion, garlic and yoghurt gravy. Perfumed with saffron, rose water and garnished with almond slivers',' ','non-veg','1845','menu3033.jpg');
Insert into menu values ('3000','3034','qorma','murghrizala’,’boneless chicken centered with indian herbs and green chillies, dum cooked in semi white gravy of yoghurt and almonds',' ','non-veg','1895','menu3034.jpg');
Insert into menu values ('3000','3035','qorma','dumpukhtkoh-e-awadh’,’chef’s  recipe for qorma of elegantly exposed lamb shanks, dum cooked in their own cardamom tinged juices and marrow, finished with saffron',' ','non-veg','1895','menu3035.jpg');
Insert into menu values ('3000','3036','qorma','raan-e-dumpukht’,’leg of lamb, stuffed with onions, pickled garlic and cheese, cooked on dum',' ','non-veg','2725','menu3036.jpg');
Insert into menu values ('3000','3037','qorma','shahinehari’,’prime cuts of lamb, cooked overnight with aromatic potli masala then assimilated with extract of basmati in milk and almond paste',' ','non-veg','1895','menu3037.jpg');
Insert into menu values ('3000','3038','qorma','diwanihandi’,’select cuts of lamb simmered on low heat, in a sealed handi with seasonal, vegetables and aromatic herbs, sprinkled with mace and cardamom',' ','non-veg','1775','menu3038.jpg');
Insert into menu values ('3000','3039','naan','khamiri roti’,’whole wheat sour dough bread, baked in a tandoor','veg','225','menu3039.jpg');
Insert into menu values ('3000','3040','naan','taftan dumpukht’,’a unique and flaky, part puff pastry, part leavened refined flour bread topped with melon seeds and baked in the rarely used iron tandoor',' ','veg','225','menu3040.jpg');
Insert into menu values ('3000','3041','naan','tara naan’,’refined flour bread made semolina, topped with almond flakes',' ','veg','225','menu3041.jpg');
Insert into menu values ('3000','3042','naan','warqi paratha’,’exoticajwainflavoured multi layered bread, baked in clay tandoor',' ','veg','225','menu3042.jpg');
Insert into menu values ('3000','3043','naan','rogani roti’,’whole wheat bread, enriched with aromatic ghee and cooked on a griddle on low heat',' ','veg','225','menu3043.jpg')
Insert into menu values ('3000','3044','naan','mande’,’large paper thin whole wheat flour bread cooked on a dome shaped griddle',' ','veg','225','menu3044.jpg');
Insert into menu values ('3000','3045','naan','naan-e-bah khummach’,’leavened semolina and whole wheat flour bread sprinkled with poppy seeds aniseed and baked in atandoor',' ','veg','225','menu3045.jpg');
Insert into menu values ('3000','3046','biryani','guchhi pulao’,’saffron seasoned basmati rice cooked with morels stuffed with herbed cheese and finished in a sealed handi with cardamom. Served with spiced yoghurt','veg','1725','menu3046.jpg');
Insert into menu values ('3000','3047','biryani','subz biryani’,’seasonal vegetables and basmati rice cooked on dumisn a subtly flavoured vegetable stock',' ','veg','1675','menu3047.jpg');
Insert into menu values ('3000','3048','biryani','dumpukht biryani’,’basmati rice simmered wit h lamb in mace, ittar and kewra. Finished in a sealed handi',' ','non-veg','1845','menu3048.jpg');
Insert into menu values ('3000','3049','biryani','murgh yakhnipulao’,’pulao of spring chicken and long grain basmati flavoured with aromatic spices',' ','non-veg','1625','menu3049.jpg');
Insert into menu values ('3000','3050','meetha','shahi tukra’,’an exotic dessert of saffron rabri, spread on a slice of syrup soaked homemade bread, garnished with silver leaf, pistachio and almonds',' ','veg','474','menu3050.jpg');
Insert into menu values ('3000','3051','meetha','shahed-e-jaam’,’gulab jamun filled pistachio, almond and dipped in a saffron honey syrup, served with rabri',' ','veg','525','menu3051.jpg');
Insert into menu values ('3000','3052','meetha','kulfi badshahpasand’,’creamy saffron and pistachio kulfi, served crowned with gold leaf',' ','veg','525','menu3052.jpg');
Insert into menu values ('3000','3053','meetha','gulab kikheer’,’milk and rose petals, delicately cooked on low heat, garnished with pistachio and silver leaf',' ','veg','525','menu3053.jpg');
Insert into menu values ('3000','3054','meetha','lauz gehungondhi’,’a classical ‘pudding’ made with whole wheat and edible gum resin',' ','veg','475','menu3054.jpg');
Insert into menu values ('3000','3055','meetha','kesari phirini’,’milk reduced with rice, flavoured with saffron',' ','veg','525','menu3055.jpg');
Insert into menu values ('3000','3056','meetha','zauk-e-shahi’,’khoya dumplings in saffron flavoured reduced milk',' ','veg','475','menu3056.jpg');
Insert into menu values ('3000','3057','meetha','khwaan-e-shirini’,’a royal platter consisting of four small tasting portions of pistehphirni, awadh-e-gilari, zafraanitaarhalwa and zauk-e-shahi',' ','veg','974','menu3057.jpg');

insert into menutype values('3000','shorba','shorba');
insert into menutype values('3000','kebab','kebab');
insert into menutype values('3000','qorma','qorma');
insert into menutype values('3000','naan','naan');
insert into menutype values('3000','biryani','biryani');
insert into menutype values('3000','meetha','meetha');

Insert into menu values ('7000','7001','Appetizer','360 Super green salad(asparagus, avocado, broccoli, edamamme, mesclun and vinaigrette)',' ','veg',950,'menu701');
Insert into menu values ('7000','7002','Appetizer','Pan fried goat’s cheese(arugula, micro greens, grape and walnut salad with balsamic dressing)',' ','veg',1000,'menu702');
Insert into menu values ('7000','7003','Appetizer','360° pomelo salad(cashew nuts, garlic, bird eye chillies, tamarind)',' ','veg',950,'menu703');
Insert into menu values ('7000','7004','Appetizer','Burrata cheese and roasted beetroot salad(orange segments and mint)',' ','veg',1200,'menu704');
Insert into menu values ('7000','7005','Appetizer','Malai broccoli and cauliflower(green chilli, cracked pepper raita dip)',' ','veg',1300,'menu705');
Insert into menu values ('7000','7006','Appetizer','Murg tikka kalimirch(boneless chicken with a cream and black pepper marination)',' ','non-veg',1500,'menu706');
Insert into menu values ('7000','7007','Appetizer','Kandahri paneer tikka(a nut filling and pomegranate filling)',' ','veg',1550,'menu707');
Insert into menu values ('7000','7008','Appetizer','Soft polenta with crab(red chilli and shrimp butterbasil and shaved Parmesan)',' ','non-veg',1600,'menu708');
Insert into menu values ('7000','7009','Appetizer','Charred iceberg Caesar salad with pancetta chips and poached egg(garlic, herb marinated prawns with confit chicken leg)',' ','non-veg',1600,'menu709');
Insert into menu values ('7000','7010','Appetizer','Koong hom pha(Thai style prawn spring rolls with sweet chilli sauce)',' ','non-veg',1200,'menu710');
Insert into menu values ('7000','7011','Appetizer','Mi krop Crisp fried rice (vermicelli tossed in a tangy dip)',' ','veg',1400,'menu711');
Insert into menu values ('7000','7012','Appetizer','Lehsuni fish tikka and ajwaini jhinga(garlic flavoured fish, carom seed flavoured prawns)',' ','non-veg',1000,'menu712');
Insert into menu values ('7000','7013','Appetizer','Chicken tikka(boneless chicken with Kashmiri chilli, yoghurt and fenugreek)',' ','non-veg',1300,'menu713');
Insert into menu values ('7000','7014','Appetizer','Marinated grilled quail(yellow split puree, pickled beetroot, capers)',' ','non-veg',1400,'menu714');
Insert into menu values ('7000','7015','Appetizer','Silbatte ki shammi(hand pounded lamb cooked with lentils on an iron griddle)',' ','non-veg',1500,'menu715');

Insert into menu values ('7000','7016','Soup','Chilled avocado soup tuna tartar',' ','non-veg',800,'menu716');
Insert into menu values ('7000','7017','Soup','Cep veloute thyme Chantilly',' ','veg',900,'menu716');
Insert into menu values ('7000','7018','Soup','Miso shirutofu, scallions, seaweedking crab, truffle oil',' ','non-veg',1000,'menu716');
Insert into menu values ('7000','7019','Soup','Chicken clear soup Thai herbs and chicken dumpling',' ','non-veg',1100,'menu716');
Insert into menu values ('7000','7020','Soup','Lamb and chickpea broth Sumac, yoghurt',' ','non-veg',1150,'menu716');
Insert into menu values ('7000','7021','Soup','Tom Kha lemongrass, kaffir lime leaves, galangal, coconut phak-vegetarian',' ','veg',600,'menu716');

Insert into menu values ('7000','7022','Pizza','Margherita',' ','veg',1500,'menu722');
Insert into menu values ('7000','7023','Pizza','Mushrooms, truffle oil, rocket, shaved Parmesan',' ','veg'1500,'menu723');
Insert into menu values ('7000','7024','Pizza','Spinach, feta, candied garlic, sun dried tomatoes and pine nut',' ','veg',1600,'menu724');
Insert into menu values ('7000','7025','Pizza','Mozzarella, tomato, prawn, chilli, basil',' ','non-veg',2000,'menu725');
Insert into menu values ('7000','7026','Pizza','Pepperoni',' ','non-veg',2000,'menu726');


Insert into menu values ('7000','7027','Pasta','Tagliatelle with mushrooms, shaved Parmesan, truffle oil',' ','veg',900,'menu727');
Insert into menu values ('7000','7028','Pasta','Ricotta and goat’s cheese ravioli, tomato basil sauce',' ','veg',800,'menu728');
Insert into menu values ('7000','7029','Pasta','360 Green risotto(courgette, broccoli, asparagus, green peas, basil and pinenuts)',' ','veg',800,'menu729');
Insert into menu values ('7000','7030','Pasta','Penne with grilled chicken and broccoli(Parmesan cheese sauce, pine nuts and cracked pepper)',' ','non-veg',1600,'menu730');
Insert into menu values ('7000','7031','Pasta','Saffron risotto with Scottish Salmon, prawns(scallops lemon and mascarpone cheese)',' ','non-veg',1800,'menu731');
Insert into menu values ('7000','7032','Pasta','Prawn and chilli linguine garlic, basil and butter sauce',' ','non-veg',600,'menu732');
Insert into menu values ('7000','7033','Pasta','Fettuccine with lobster bolognese',' ','non-veg',1300,'menu733');
Insert into menu values ('7000','7034','Pasta','Gnocchi with duck ragout Parmigiano Reggiano',' ','non-veg',1400,'menu734');
;

Insert into menu values ('7000','7035','Main-Course','Paneer khatta Pyaz(cottage cheese tossed with cracked spices and pickled onion petals)',' ','veg',2000,'menu735');
Insert into menu values ('7000','7036','Main-Course','Amritsari chole aur kulcha',' ','veg',2200,'menu736');
Insert into menu values ('7000','7037','Main-Course','Prawn coconut chilli(curry leaf flavoured Kerala prawns simmered in chilies, garlic and coconut)',' ','non-veg',2700,'menu737');
Insert into menu values ('7000','7038','Main-Course','Malabar fish curry(Bay of Bengal Bekti simmered in mustard, chilli and coconut)',' ','non-veg',3000,'menu738');
Insert into menu values ('7000','7039','Main-Course','Tandoori chicken (daal makhni, chilli garlic naan and masala onions)',' ','non-veg',3100,'menu739');
Insert into menu values ('7000','7040','Main-Course','Murg Makhni(chicken tikka simmered in a rich tomato gravy)',' ','non-veg',3300,'menu740');
Insert into menu values ('7000','7041','Main-Course','Kosha mangsho(Bengal lamb specialty with onion, cinnamon and green cardamom)',' ','non-veg',3300,'menu741');
Insert into menu values ('7000','7042','Main-Course','Methi keema(pyaz parantha, ginger, green chilli pickle)',' ','non-veg',3500,'menu742');
Insert into menu values ('7000','7043','Main-Course','Bhuna magaz(lamb brain cooked with onion, chilli, fresh mint)',' ','non-veg',3000,'menu743');

Insert into menu values ('7000','7044','Biryani','basmati rice cooked with aromatic spices',' ','veg',2000,'menu744');
Insert into menu values ('7000','7045','Biryani','basmati rice cooked with aromatic spices',' ','non-veg',3000,'menu745');


Insert into menu values ('7000','7046','Breads','Green pea kulcha',' ','veg',400,'menu746');
Insert into menu values ('7000','7047','Breads','Methi parantha',' ','veg',400,'menu747');
Insert into menu values ('7000','7048','Breads','Multi flour missi roti',' ','veg',400,'menu748');
Insert into menu values ('7000','7049','Breads','Chicken tikka kulcha',' ','non-veg',400,'menu749');

Insert into menu values ('7000','7050','International','Sweet potato, olive and chickpea tagine(toasted almond and paprika cous cous)',' ','veg',3600,'menu750');
Insert into menu values ('7000','7051','International','Forest mushroom and thyme(ciabatta croutons, Parmesan cheese fonduta, truffle oil)',' ','veg',3700,'menu751');
Insert into menu values ('7000','7052','International','Asparagus, cherry tomato, Kalamata olive and feta quiche(Mesclun, micro greens and balsamic dressing)',' ','veg',4000,'menu752');
Insert into menu values ('7000','7053','International','Fish and chips(Green pea mash, thick cut chips, tartar sauce)',' ','non-veg',3500,'menu753');
Insert into menu values ('7000','7054','International','Grilled salmon steak(quinoa, avocado, orange, pine nuts, mint salad)',' ','non-veg',4500,'menu754');
Insert into menu values ('7000','7055','International','360° black cod sweet miso, shimiji',' ','non-veg',4200,'menu755');
Insert into menu values ('7000','7056','International','Harissa spiced chicken(olive and goat’s cheese mash, cumin tossed beans and bell peppers)',' ','non-veg',4800,'menu756');
Insert into menu values ('7000','7057','International','Parmesan crumbed chicken schnitzel(Pomme lyonnaise, arugula salad, truffle oil infused mayonnaise)',' ','non-veg',5000,'menu757');

Insert into menu values ('7000','7058','Grill','Catch of the day',' ','non-veg',1200,'menu758');
Insert into menu values ('7000','7059','Grill','Australian pork chops',' ','non-veg',1200,'menu759');
Insert into menu values ('7000','7060','Grill','Cochin lobster',' ','non-veg',1200,'menu760');
Insert into menu values ('7000','7061','Grill','Scottish salmon steak',' ','non-veg',1200,'menu761');
Insert into menu values ('7000','7062','Grill','Corn fed chicken',' ','non-veg',1200,'menu762');
Insert into menu values ('7000','7063','Grill','Japanese quail',' ','non-veg',1200,'menu763');
Insert into menu values ('7000','7064','Grill','New Zealand lamb chops',' ','non-veg',1200,'menu764');

Insert into menu values ('7000','7065','Thai','Thai green or red curry',' ','non-veg',2000,'menu765');
Insert into menu values ('7000','7066','Thai','Thai Krapaw Mushroom',' ','veg',2000,'menu766');
Insert into menu values ('7000','7067','Thai','Pla Nueng Manao(Thai style steamed fish in a lemon, garlic and chilli broth)',' ','non-veg',2000,'menu767');


Insert into menu values ('7000','7068','Sushi','Edamame steamed young soya beans (choice of sesame, sea salt, chilli garlic)',' ','veg',2600,'menu768');
Insert into menu values ('7000','7069','Sushi','Genkai salad king crab(tuna, salmon, avocado and lettuce with Japanese dressing',' ','non-veg',3500,'menu769');

Insert into menu values ('7000','7070','Sushi Signature rolls','Spider soft shell crab(avocado, scallion, capelin roe, anchovy mayonnaise)',' ','non-veg',3300,'menu770');
Insert into menu values ('7000','7071','Sushi Signature rolls','Ebi tempura Maki(Tempura fried prawns, Japanese mayonnaise and sesame seeds)',' ','non-veg',3800,'menu771');

Insert into menu values ('7000','7072','Dessert','New York cheesecake(citrus crumble, Mandarin sorbet)',' ','non-veg',900,'menu772');
Insert into menu values ('7000','7073','Dessert','Dark chocolate fondant(chocolate whipped ganache, stracciatella ice cream)',' ','non-veg',900,'menu773');
Insert into menu values ('7000','7074','Dessert','Gulab jamun(Deep fried cottage cheese dumplings in rose syrup)',' ','non-veg',600,'menu774');
Insert into menu values ('7000','7075','Dessert','Rasmalai(Poached milk dumplings in saffron milk)',' ','non-veg',600,'menu775');

Insert into menu values ('7000','7076','ice-cream','Kerala vanilla',' ','veg',500,'menu776');
Insert into menu values ('7000','7077','ice-cream','Cinnamon',' ','veg',500,'menu777');
Insert into menu values ('7000','7078','ice-cream','Belgian dark chocolate',' ','veg',500,'menu778');
Insert into menu values ('7000','7079','ice-cream','Stracciatella',' ','veg',500,'menu779');
Insert into menu values ('7000','7080','ice-cream','Hazelnut and Irish cream',' ','non-veg',500,'menu780');

insert into menutype values('7000','Appetizer','Appetizer and Salad');
insert into menutype values('7000','Soup','Soup');
insert into menutype values('7000','Pizza','Pizza');
insert into menutype values('7000','Pasta','Pasta and Risotto');
insert into menutype values('7000','Sushi','Sushi Appataizer');
insert into menutype values('7000','Main-Course','Indian Main Course');
insert into menutype values('7000','Biryani','Biryani');
insert into menutype values('7000','Breads','Breads');
insert into menutype values('7000','International','International Main Course');
insert into menutype values('7000','Grill','The Josper Grill');
insert into menutype values('7000','Thai','Thai Mains');
insert into menutype values('7000','Sushi','Sushi Appataizer');
insert into menutype values('7000','Dessert','Dessert');
insert into menutype values('7000','ice-cream','Homemade ice-cream');


drop table menutype;

create table menutype 
(
RID varchar2(7),
MTYPE varchar2(60),
MTYPENAME varchar2(60)
);


Insert into MANAN.MENUTYPE (RID,MTYPE,MTYPENAME) values ('1000','starters','starters');
Insert into MANAN.MENUTYPE (RID,MTYPE,MTYPENAME) values ('1000','mains','mains');
Insert into MANAN.MENUTYPE (RID,MTYPE,MTYPENAME) values ('1000','breads','indian accent bread bar');
Insert into MANAN.MENUTYPE (RID,MTYPE,MTYPENAME) values ('1000','sides','sides');
Insert into MANAN.MENUTYPE (RID,MTYPE,MTYPENAME) values ('1000','desserts','desserts');





'Sushi Appataizer'
'Homemade ice-cream'
'Thai Mains'
'The Josper Grill'
'Appetizer and Salad'
'Pasta and Risotto'
'Indian Main Course'
'Indian Breads'
'International Main Course'

’meats and poultry’

’pasta and vegetables’

Insert into menu values ('5000','5001','soups','lobster bisque, mousseline de langouste',' ','non-veg','1250','menu5001.jpg');
Insert into menu values ('5000','5002','soups','lyonnaise onion consommé, smoked duck agnolotti',' ','non-veg','1250','menu5002.jpg');
Insert into menu values ('5000','5003','soups','dutch asparagus soup, brioche crisps',' ','veg','1250','menu5003.jpg');
Insert into menu values ('5000','5004','soups','white onion, reggiano',' ','veg','1250','menu5004.jpg');
Insert into menu values ('5000','5005','soups','butter nut, truffle',' ','veg','1250','menu5005.jpg');
Insert into menu values ('5000','5006','appetizers','sliced chicken supreme, mustard, kalamata',' ','non-veg','2500','menu5006.jpg');
Insert into menu values ('5000','5007','appetizers','smoked duck, young lettuce, walnuts, raspberry',' ','non-veg','2500','menu5007.jpg');
Insert into menu values ('5000','5008','appetizers','salmon tartare, braised baby fennel',' ','non-veg','2500','menu5008.jpg');
Insert into menu values ('5000','5009','appetizers','crab meat, petit greens, avocado, citrus emulsion',' ','non-veg','2500','menu5009.jpg');
Insert into menu values ('5000','5010','appetizers','warm asparagus mille feuille, red onion compote, holiandaise',' ','non-veg','2200','menu5010.jpg');
Insert into menu values ('5000','5011','appetizers','hearts of palm, shevre mousse, fruit jelly, edible soil',' ','veg','1800','menu5011.jpg');
Insert into menu values ('5000','5012','appetizers','baby artichoke, purple potato, truffle vinaigrette',' ','veg','1800','menu5012.jpg');
Insert into menu values ('5000','5013','appetizers','endive, mezuna salad',' ','veg','1800','menu5013.jpg');
Insert into menu values ('5000','5014','seafood','seared king scallops, golden com puree, purple potato crisps, red currants',' ','non-veg','3500','menu5014.jpg');
Insert into menu values ('5000','5015','seafood','pan roasted salmon, stewed puy lentils, citrus infused cauliflower puree',' ','non-veg','3000','menu5015.jpg');
Insert into menu values ('5000','5016','seafood','griddle cooked sea bass, pickled lemon puree, brandade',' ','non-veg','3500','menu5016.jpg');
Insert into menu values ('5000','5017','seafood','grilled prawns, risotto, spring onion, red pepper, curry',' ','non-veg','3000','menu5017.jpg');
Insert into menu values ('5000','5018','seafood','lobster ravioli, smoked corn, basil',' ','non-veg','3000','menu5018.jpg');
Insert into menu values ('5000','5019','meats','corn fed chicken supreme, celeriac, chestnut, truffle',' ','non-veg','3000','menu5019.jpg');
Insert into menu values ('5000','5020','meats','magret duck, chou rouge puree, fig, golden beet',' ','non-veg','3500','menu5020.jpg');
Insert into menu values ('5000','5021','meats','center cut steak, truffles’,’wate buffalo steak, Yorkshire pudding',' ',' ','non-veg','2500','menu5021.jpg');
Insert into menu values ('5000','5022','meats','milk fed pork loin, carrot puree, confit radish, apple',' ','non-veg','3000','menu5022.jpg');
Insert into menu values ('5000','5023','meats','slow roasted lamb chops, green olive panisse',' ','non-veg','3500','menu5023.jpg');
Insert into menu values ('5000','5024','pasta','hand crafted potato gnocchi, poached celeriac, dehydrated tomato, micro greens',' ','non-veg','2000','menu5024.jpg');
Insert into menu values ('5000','5025','pasta','porcini, perigord truffle souffle',' ','non-veg','2000','menu025.jpg');
Insert into menu values ('5000','5026','pasta','homemade linguini, crispy basil, manchego foam',' ','non-veg','2000','menu5026.jpg');
Insert into menu values ('5000','5027','pasta','tagliatelle, spinach, gorgonzola, walnut',' ','non-veg','2000','menu5027.jpg');
Insert into menu values ('5000','5028','pasta','goat cheese ravioli, toasted pine nuts’,’reggiano foam',' ','non-veg','2000','menu5028.jpg');
Insert into menu values ('5000','5029','pasta','roesti, wild mushroom, aged gruyere',' ','veg','2000','menu5029.jpg');
Insert into menu values ('5000','5030','pasta','celeriac artichoke stuffed crepe, quinoa, romesco',' ','veg','2000','menu5030.jpg');
Insert into menu values ('5000','5031','pasta','risotto asparagus, parmesan',' ','veg','2500','menu5031.jpg');
Insert into menu values ('5000','5032','pasta','purple risotto, vegetables',' ','veg','2500','menu5032.jpg');
Insert into menu values ('5000','5033','sides','asparagus',' ','veg','1500','menu5033.jpg');
Insert into menu values ('5000','5034','sides','mushrooms',' ','veg','750','menu5034.jpg');
Insert into menu values ('5000','5035','sides','sauteed potatoes, pomme mousseline',' ','veg','500','menu5035.jpg');
Insert into menu values ('5000','5036','sides','creamed baby spanich',' ','veg','500','menu5036.jpg');
Insert into menu values ('5000','5037','sides','bouquetiere de legumes',' ','veg','500','menu5037.jpg');
Insert into menu values ('5000','5038','signature','cognac flambéed lobster, Dijon, fresh shiitake',' ','non-veg','2500','menu5038.jpg');
Insert into menu values ('5000','5039','signature','camembert cheese soufflé, paprika sauce',' ','non-veg','2000','menu5039.jpg');
Insert into menu values ('5000','5040','signature','pithivier, pecan nut, wild mushrooms',' ','veg','2000','menu5040.jpg');

'signature of orient express'

insert into menutype values('5000','signature','signature of orient express');
insert into menutype values('5000','sides','sides');
insert into menutype values('5000','pasta','pasta and vegetables');
insert into menutype values('5000','meats','meats and poultry');
insert into menutype values('5000','soups','soups');
insert into menutype values('5000','appetizers','appetizers');
insert into menutype values('5000','seafood','seafood');

’Masala House Tawa’

Insert into menu values ('2000','2001','Soups','tamater sabzi’,’tomato broth, infused jasmine tea, garlic wafer',' ','veg','245','menu2001.jpg');
Insert into menu values ('2000','2002','Soups','murgh makai’,’chicken & corn broth, cilantro, buttered pop corn','295',' ','non-veg','menu2002.jpg');
Insert into menu values ('2000','20003','Soups','zawey kiseekh’,’vegetable mélange, skewered, chargrilled',' ','veg','445','menu2003.jpg');
Insert into menu values ('2000','2004','Starters','kurkure mattrachaat’,’potato crispd, white pea picatta, white pea picatta',' ','veg','445','menu2004.jpg');
Insert into menu values ('2000','2005','Starters','Bhunee Chaat’,’pineapple, sweet potato, balcmic vinegar, chargrilled',' ','veg','495','menu2005.jpg');
Insert into menu values ('2000','2006','Starters','kathalvarqui’,’grilled jack fruit, layered bread, mayo yogurt sauce',' ','veg','495','menu2006.jpg');
Insert into menu values ('2000','2007','Starters','paratwalapaneer’,’layered cottage cheese, cream marinade, chargrilled',' ','veg','495','menu2007.jpg');
Insert into menu values ('2000','2008','Starters','khumbkebab’,’pickled mushrooms, ricotta, spinach, chargrilled',' ','veg','495','menu2008.jpg');
Insert into menu values ('2000','2009','Starters','anarkalitikki’,’beetrot, quinoa seed, paeanut butter crunch, pan seared',' ','veg','495','menu2009.jpg');
Insert into menu values ('2000','2010','Starters','bhatti paneer tikka’,’cottageceese, burnt garlic pepper marinade, chargrilled',' ','veg','495','menu2010.jpg');
Insert into menu values ('2000','2011','Starters','murghgilafiseekh’,’minced chicken, bell pepper, egg coating, chargrilled',' ','non-veg','495','menu2011.jpg');
Insert into menu values ('2000','2012','Starters','murgh do raha’,’chicken cubes, chedder and pomegranate marinade, chargrilled',' ','non-veg','595','menu2012.jpg');
Insert into menu values ('2000','2013','Starters','bhattimurgh’,’tender chicken legs, burnt garlic pepper marinade, clay oven',' ','non-veg','595','menu2013.jpg');
Insert into menu values ('2000','2014','Starters','silbattekishami’,’hand pounded lamb and lentils, infused spices, pan grilled',' ','non-veg','545','menu2014.jpg');
Insert into menu values ('2000','2015','Starters','dorakebab’,’minced lamb, woodenskewer, silk wrapped, chargrilled',' ','non-veg','595''menu2015.jpg');
Insert into menu values ('2000','2016','Starters','kasoondimacchitikka’,’river sole, mustard marinade, clay oven',' ','non-veg','795','menu2016.jpg');
Insert into menu values ('2000','2017','Starters','calamari 65’,’squid rings, 65 marinade, fried','795',' ','non-veg','menu2017.jpg');
Insert into menu values ('2000','2018','Starters','kadipattajheenga’,’grilled prawns, curry leaves, coconut, wok tossed',' ','non-veg','895','menu2018.jpg');
Insert into menu values ('2000','2019','Starters','dill salmon tikka’,’scottish salmon, dill leaves, clay oven',' ','non-veg','995','menu2019.jpg');
Insert into menu values ('2000','2020','Masala','paneer khurchan’,’grilled cottage cheese, bell pepper, tomato, griddle tossed',' ','veg','495','menu2020.jpg');
Insert into menu values ('2000','2021','Masala','soya keemakhumbmasala’,’soya granules, mushrooms, ginger coriander, pan tossed',' ','non-veg','495','menu2021.jpg');
Insert into menu values ('2000','2022','Masala','mirchikeema’,’hand pounded lamb, chili oil, griddle tosses',' ','non-veg','595','menu2022.jpg');
Insert into menu values ('2000','2023','Masala','tawakichaamp’,’lamb chops, chopped masala, griddle tosses',' ','non-veg','595','menu2023.jpg');
Insert into menu values ('2000','2024','Masala','murghkhichdi’,’soft chicken morsel, rice cooked together with myriad of spices',' ','non-veg','595','menu2045.jpg');
Insert into menu values ('2000','2025','Mains','ambarsaribaiganbharta’,’smoked eggplant, onion, tomatoes, chili oil, cumin tempered',' ','non-veg','395','menu2025.jpg');
Insert into menu values ('2000','2026'’,'Mains','hingdhaniyaaurpudinaaloo’,’stir fried, baby potatoes, royal cumin, asafetida and hand crushed coriander',' ','veg','395','menu2026.jpg');
Insert into menu values ('2000','2027','Mains','subzjugalbandi’,’vegetables, tomatoes, olive oil, ginger juliennes',' ','veg','495','menu2027.jpg');
Insert into menu values ('2000','2028','Mains','kurkuribhindi’,’crisp okra juliennes, onion slices, mango powder, crushed pepper',' ','veg','495','menu2028.jpg');
Insert into menu values ('2000','2029','Mains','paneerlababdar’,’char grilled cottage cheese, onion and cherry tomato fondue'' ',,'veg','495','menu2029.jpg');
Insert into menu values ('2000','2030','Mains','palakmoti’,’cottage cheese roundless, cream spinach/garlic butter',' ','veg','495','menu2030.jpg');
Insert into menu values ('2000','2031','Mains','anjeeraurchannakofta’,’cheese dumplings,figs,apricots,chilies,cashew,saffron sauce',' ','veg','495','menu2031.jpg');
Insert into menu values ('2000','2032','Mains','dumkidaal’,’black lentils, red kidney beans. Split chick peas, creamy buttery tomato sauce',' ','veg','495','menu2032.jpg');
Insert into menu values ('2000','2033','Mains','khattitadkadaal’,’lentils tempered, cumin seeds, red chillies and tamarind',' ','veg','495','menu2033.jpg');
Insert into menu values ('2000','2034','Mains','guchhi, dhingriaurmatar’,’morels, oyster mushrooms and green peas/ saffron cashew onion sauce',' ','veg','795','menu2034.jpg');
Insert into menu values ('2000','2035','Mains','vegetablestew’,’parboiled vegetables, coconut milk, mild spices','495',' ','veg','menu2035.jpg');
Insert into menu values ('2000','2036','Mains','Gobhialoomethikitehri’,’cauliflower, potatoes and fenugreek, Mughal style rice',' ','veg','595','menu2036.jpg');
Insert into menu values ('2000','2037','Mains','kesarigucchipulao’,’morels and saffron, long grain basmati rice, sweet itar',' ','veg','695','menu2037.jpg');
Insert into menu values ('2000','2038','Mains','mogewalatamaterikukad’,’ grilles shredded chicken tomato sauce fenugreek, butter, fresh cream',' ','non-veg','595','menu2038.jpg');
Insert into menu values ('2000','2039','Mains','murghchettinad’,’chicken morsels, chettinad spiced curry, coconut milk',' ','non-veg','595','menu2039.jpg');
Insert into menu values ('2000','2040','Mains','muttontariwala’,’lamb cuts home style curry pounded spices, ginger juliennes',' ','non-veg','595','menu2040.jpg');
Insert into menu values ('2000','2041','Mains','nallikarampurikorma’,’lamb shanks, jus, onion almond paste, slow cooked',' ','non-veg','695','menu2041.jpg');
Insert into menu values ('2000','2042','Mains','malabar fish curry’,’river sole, coconut, chilli, raw mango sauce',' ','non-veg','795','menu2042.jpg');
Insert into menu values ('2000','2043','Mains','ravameenmoiley’,’river sole semolina crust grilled coconut curry',' ','non-veg','895','menu2043.jpg');
Insert into menu values ('2000','2044','Mains','urijheenga’,’prawns, pink peppercorn sauce, curry leaves, mint',' ','non-veg','895','menu2044.jpg');
Insert into menu values ('2000','2045','Mains','murgh taka tak’,’grilled chicken cubes, coriander, onions, smoked and tossed',' ','non-veg','595','menu2045.jpg');
Insert into menu values ('2000','2046','Mains','dumbiryani’,’lamb and traditional hand ponded spices',' ','non-veg','795','menu2046.jpg');
Insert into menu values ('2000','2047','Sides','Raita’,’pineapple',' ','veg','195','menu2047.jpg');
Insert into menu values ('2000','2048','Sides','Raita’,’palak',' ','veg','195','menu2048.jpg');
Insert into menu values ('2000','2049','Sides','Raita’,’berries, jalapeA+o',' ','veg','195','menu2049.jpg');
Insert into menu values ('2000','2050'’,'Sides','Salad’,’kuchumber',' ','veg','195','menu2050.jpg');
Insert into menu values ('2000','2051','Sides','Salad’,’mixed green',' ','veg','195','menu2051.jpg');
Insert into menu values ('2000','2052','Breads','Roti’,’tandoori',' ','veg','85','menu2052.jpg');
Insert into menu values ('2000','2053','Breads','Roti’,’roomali',' ','veg','85','menu2053.jpg');
Insert into menu values ('2000','2054','Breads','Naan’,’plain',' ','veg','95','menu2054.jpg');
Insert into menu values ('2000','2055','Breads','Naan’,’butter',' ','veg','95','menu2055.jpg');
Insert into menu values ('2000','2056','Breads','Naan’,’garlic',' ','veg','95','menu2056.jpg');
Insert into menu values ('2000','2057','Breads','Paratha’,’lachha',' ','veg','95','menu2057.jpg');
Insert into menu values ('2000','2058','Breads','Paratha’,’pudina',' ','veg','95','menu2058.jpg');
Insert into menu values ('2000','2059','Breads','Paratha’,’mirchi',' ','veg','95','menu2059.jpg');
Insert into menu values ('2000','2060','Breads','Kulcha’,’herb potato',' ','veg','125','menu2060.jpg');
Insert into menu values ('2000','2061','Breads','Kulcha’,’paneer and onion',' ','veg','125','menu2061.jpg');
Insert into menu values ('2000','2062','Breads','Kulcha’,’onion and scallions',' ','veg','125','menu2062.jpg');
Insert into menu values ('2000','2063','Breads','Appam’,’plain',' ','veg','145','menu2063.jpg');
Insert into menu values ('2000','20064','Breads','Appam,egg',' ','non-veg','145','menu2064.jpg’');
Insert into menu values ('2000','2065','Breads','Paneer makhaninaan’,’paneermakhani',' ','veg','145','menu2065.jpg');
Insert into menu values ('2000','2066','Breads','Paneer makhaninaan’,’pimentochillies, prmesan',' ','veg','145','menu2066.jpg');
Insert into menu values ('2000','2067','Breads','Butter chicken naan’,’Butter chicken',' ','non-veg','165','menu2067.jpg');
Insert into menu values ('2000','2068','Breads','Butter chickennaan’,’pimentochillies, prmesan',' ','non-veg''165','menu2068.jpg');
Insert into menu values ('2000','2069','Breads','mushroom,sun dried,tomatoes',' ','veg','345','menu2069.jpg');
Insert into menu values ('2000','2070','Breads','kulcha',' ','veg','345','menu2070.jpg');
Insert into menu values ('2000','2071','Breads','yellow cheddar, pimento kulcha scallion, green chili, mozzarella',' ','veg','345','menu2071.jpg');
Insert into menu values ('2000','2072','Breads','parathajalapeA+o, olives',' ','veg','345','menu2072.jpg');
Insert into menu values ('2000','2073','Breads','paratha',' ','veg','345','menu2073.jpg');
Insert into menu values ('2000','2074','Breads','ricotta,paprika',' ','veg','345','menu2074.jpg');
Insert into menu values ('2000','2075','Breads','naan',' ','veg','345','menu2075.jpg');
Insert into menu values ('2000','2076','Meetha','cream kulfi with pistachio',' ','veg','295','menu2076.jpg');
Insert into menu values ('2000','2077','Meetha','gulkandphirni',' ','veg','295','menu2077.jpg');
Insert into menu values ('2000','2078','Meetha','khajoorbadamkahalwa',' ','veg','345','menu2078.jpg');
Insert into menu values ('2000','2079','Meetha','M H Sundae',' ','veg','345','menu2079.jpg');
Insert into menu values ('2000','2080','Meetha','chocolate rasgulla mousse',' ','veg','345','menu2080.jpg');

'Meetha - Licious'
'Masala House Tawa'

insert into menutype values('2000','Soups','Soups');
insert into menutype values('2000','Starter','Starters');
insert into menutype values('2000','Masala','Masala House Tawa');
insert into menutype values('2000','Mains','Mains');
insert into menutype values('2000','Sides','Sides');
insert into menutype values('2000','Breads','Breads');
insert into menutype values('2000','Meetha','Meetha - Licious');

select * from menu where rid=4000;

select * from menutype where rid=2000;


Insert into menu values ('10000','10001','ANTIPASTI','CROSTINI FIOR DI LATTE E RUCOLA',' ',' ','390','menu10001.jpg');
Insert into menu values ('10000','10002','ANTIPASTI','CROSTINI POMODORO E MOZZARELLA',' ',' ','390','menu10002.jpg');
Insert into menu values ('10000','10003','ANTIPASTI','CROSTINI GRILLED VEGETABLES AND CHEESE',' ',' ','440','menu10003.jpg');
Insert into menu values ('10000','10004','ANTIPASTI','CROSTINI PRAWN COCKTAIL',' ',' ','490','menu10004.jpg');
Insert into menu values ('10000','10005','ANTIPASTI','Homemade soft creamy cheese and rocket leaves on crostini',' ',' ','490','menu10005.jpg');
Insert into menu values ('10000','10006','ANTIPASTI','GRAN PATE',' ',' ','490','menu10006.jpg');
Insert into menu values ('10000','10007','ANTIPASTI','SIGARI CROCCANTI',' ',' ','590','menu10007.jpg');
Insert into menu values ('10000','10008','ANTIPASTI','TONNATO',' ',' ','690','menu10008.jpg');
Insert into menu values ('10000','10009','ANTIPASTI','BURRATA',' ',' ','790','menu10009.jpg');
Insert into menu values ('10000','10010','ANTIPASTI','ITALIAN CHEESE PLATTER',' ',' ','790','menu10010.jpg');
Insert into menu values ('10000','10011','ANTIPASTI','TORTINO DI PORRI',' ',' ','790','menu10011.jpg');
Insert into menu values ('10000','10012','ANTIPASTI','PROSCIUTTO E MELONE',' ',' ','890','menu10012.jpg');
Insert into menu values ('10000','10013','ANTIPASTI','TUNA CARPACCIO',' ',' ','890','menu10013.jpg');
Insert into menu values ('10000','10014','INSALTA','BUTTERHEAD IN RASPBERRY VINAIGRETTE SALAD',' ',' ','590','menu10014.jpg');
Insert into menu values ('10000','10015','INSALTA','FERRO SALAD',' ',' ','690','menu10015.jpg');
Insert into menu values ('10000','10016','INSALTA','VERDURE SALAD',' ',' ','590','menu10016.jpg');
Insert into menu values ('10000','10017','INSALTA','ARTICHOKES AND PECORINO SALAD',' ',' ','590','menu10017.jpg');
Insert into menu values ('10000','10018','INSALTA','CAPRESE FRISELLA SALAD',' ',' ','590','menu10018.jpg');
Insert into menu values ('10000','10019','INSALTA','PRAWNS AND AVOCADO SALAD',' ',' ','890','menu10019.jpg');
Insert into menu values ('10000','10020','RISOTTO','RISOTTO AL POMODORO',' ',' ','790','menu10020.jpg');
Insert into menu values ('10000','10021','RISOTTO','RISOTTO AI FUNGHI',' ',' ','890','menu10021.jpg');
Insert into menu values ('10000','10022','RISOTTO','RISOTTO ZAFFERANO',' ',' ','890','menu10022.jpg');
Insert into menu values ('10000','10023','RISOTTO','MELANZANA PARMIGIANA',' ',' ','690','menu10023.jpg');
Insert into menu values ('10000','10024','RISOTTO','GRILLED AND BATTERED VEGETABLES',' ',' ','590','menu10024.jpg');
Insert into menu values ('10000','10025','RISOTTO','PATATINE ROSSINI',' ',' ','490','menu10025.jpg');
Insert into menu values ('10000','10026','ZUPPA','CHILLED TOMATO AND VEGETABLES SOUP',' ',' ','390','menu10026.jpg');
Insert into menu values ('10000','10027','ZUPPA','MINESTRONE ROMAGNOLO',' ',' ','490','menu10027.jpg');
Insert into menu values ('10000','10028','ZUPPA','TORTELLINI IN BRODO',' ',' ','590','menu10028.jpg');
Insert into menu values ('10000','10029','PASTA','FARFALLE AL PESTO GENOVESE',' ',' ','690','menu10029.jpg');
Insert into menu values ('10000','10030','PASTA','PENNE RUSTICHE AL RAGU DI POLLO',' ',' ','690','menu10030.jpg');
Insert into menu values ('10000','10031','PASTA','REGINETTE AL RAGU BOLOGNESE',' ',' ','790','menu10031.jpg');
Insert into menu values ('10000','10032','PASTA','LASAGNA BOLOGNESE',' ',' ','990','menu10032.jpg');
Insert into menu values ('10000','10033','PASTA','REGINETTE WITH SMOKED SALMON',' ',' ','890','menu10033.jpg');
Insert into menu values ('10000','10034','PASTA','RAVIOLI AL BURRO ASPARAGI',' ',' ','790','menu10034.jpg');
Insert into menu values ('10000','10035','PASTA','CAPPELLETTI WITH MUSHROOMS',' ',' ','790','menu10035.jpg');
Insert into menu values ('10000','10036','PASTA','CHITARRA NERO E BOTTARGA',' ',' ','990','menu10036.jpg');
Insert into menu values ('10000','10037','PASTA','TAJARIN TARTUFO',' ',' ','1290','menu10037.jpg');
Insert into menu values ('10000','10038','CARNE','COTOLETTA DI POLLO',' ',' ','990','menu10038.jpg');
Insert into menu values ('10000','10039','CARNE','PORK CHOPS',' ',' ','1290','menu10039.jpg');
Insert into menu values ('10000','10040','CARNE','MILANESE DI MAIALE',' ',' ','1190','menu10040.jpg');
Insert into menu values ('10000','10041','CARNE','SCALLOPATA DI MAIALE',' ',' ','1290','menu10041.jpg');
Insert into menu values ('10000','10042','CARNE','LAMB CHOPS',' ',' ','1990','menu10042.jpg');
Insert into menu values ('10000','10043','PESCE','FISH OF THE DAY ARTUSI',' ',' ','1590','menu10043.jpg');
Insert into menu values ('10000','10044','PESCE','BRANZINO AL VAPORE',' ',' ','1690','menu10044.jpg');
Insert into menu values ('10000','10045','PESCE','SCALLOPS TARTUFO',' ',' ','1690','menu10045.jpg');
Insert into menu values ('10000','10046','PESCE','GIANT PRAWNS',' ',' ','1390','menu10046.jpg');
Insert into menu values ('10000','10047','PESCE','NUOVA IMPERIALE- FOR 2 PERSONS',' ',' ','2990','menu10047.jpg');
Insert into menu values ('10000','10048','DESSERTS','PANNA COTTA',' ',' ','790','menu10048.jpg');
Insert into menu values ('10000','10049','DESSERTS','CRISPY FRIED PASTRY CREAM AND GELATO',' ',' ','790','menu10049.jpg');
Insert into menu values ('10000','10050','DESSERTS','CIOCCOLATE MOUSSE',' ',' ','790','menu10050.jpg');
Insert into menu values ('10000','10051','DESSERTS','TIRAMISU',' ',' ','790','menu10051.jpg');
Insert into menu values ('10000','10052','DESSERTS','SORBETTO ARTUSI',' ',' ','390','menu10052.jpg');
Insert into menu values ('10000','10053','DESSERTS','AFFOGATO',' ',' ','590','menu10053.jpg');
Insert into menu values ('10000','10054','DESSERTS','GELATO ARTUSI',' ',' ','690','menu10054.jpg');

insert into menutype values('10000','ANTIPASTI','ANTIPASTI');
insert into menutype values('10000','INSALTA','INSALTA');
insert into menutype values('10000','RISOTTO','RISOTTO');
insert into menutype values('10000','ZUPPA','ZUPPA');
insert into menutype values('10000','PASTA','PASTA');
insert into menutype values('10000','CARNE','CARNE');
insert into menutype values('10000','PESCE','PESCE');
insert into menutype values('10000','DESSERTS','DESSERTS');

Indian Veg
Iranian Cuisine
Insert into menu values ('12000','12001','Starters','Chicken Soup',' ',' ','180','menu12001.jpg');
Insert into menu values ('12000','12002','Starters','Clear Soup',' ',' ','150','menu12002.jpg');
Insert into menu values ('12000','12003','Starters','French Fries',' ',' ','135','menu12003.jpg');
Insert into menu values ('12000','12004','Starters','Kaju Kabab',' ',' ','250','menu12004.jpg');
Insert into menu values ('12000','12005','Starters','Dai Kabab',' ',' ','225','menu12005.jpg');
Insert into menu values ('12000','12006','Starters','Chicken Lollies',' ',' ','295','menu12006.jpg');
Insert into menu values ('12000','12007','Starters','Afghani Burger',' ',' ','180','menu12007.jpg');
Insert into menu values ('12000','12008','Starters','Potato Cheese',' ',' ','185','menu12008.jpg');
Insert into menu values ('12000','12009','Starters','Corn Soup',' ',' ','170','menu12009.jpg');
Insert into menu values ('12000','12010','Veg','Dal Makhani',' ',' ','220','menu12010.jpg');
Insert into menu values ('12000','12011','Veg','Paneer Lababdar',' ',' ','245','menu12011.jpg');
Insert into menu values ('12000','12012','Veg','Soya Malai Chaap',' ',' ','195','menu12012.jpg');
Insert into menu values ('12000','12013','Veg','Rajma',' ',' ','170','menu12013.jpg');
Insert into menu values ('12000','12014','Veg','Mix Veg',' ',' ','190','menu12014.jpg');
Insert into menu values ('12000','12015','Veg','Mattar Mushroom',' ',' ','240','menu12015.jpg');
Insert into menu values ('12000','12016','Veg','Broccoly',' ',' ','185','menu12016.jpg');
Insert into menu values ('12000','12017','Veg','Veg Biryani',' ',' ','240','menu12017.jpg');
Insert into menu values ('12000','12018','Veg','Jeera Rice',' ',' ','180','menu12018.jpg');
Insert into menu values ('12000','12019','Veg','Plain Rice',' ',' ','150','menu12019.jpg');
Insert into menu values ('12000','12020','Non-Veg','Mutton Korma',' ',' ','440','menu12020.jpg');
Insert into menu values ('12000','12021','Non-Veg','Mutton Roghan Josh',' ',' ','435','menu12021.jpg');
Insert into menu values ('12000','12022','Non-Veg','Plain Rice',' ',' ','150','menu12022.jpg');
Insert into menu values ('12000','12023','Non-Veg','Chicken Masala',' ',' ','325','menu12023.jpg');
Insert into menu values ('12000','12024','Non-Veg','Chicken Tandoori',' ',' ','390','menu12024.jpg');
Insert into menu values ('12000','12025','Non-Veg','Chicken Malai Tikka',' ',' ','295','menu12025.jpg');
Insert into menu values ('12000','12026','Non-Veg','Chicken Changezi',' ',' ','340','menu12026.jpg');
Insert into menu values ('12000','12027','Non-Veg','Mutton Kadhai',' ',' ','425','menu12027.jpg');
Insert into menu values ('12000','12028','Non-Veg','Butter Chicken',' ',' ','350','menu12028.jpg');
Insert into menu values ('12000','12029','Non-Veg','Mutton Kofta',' ',' ','450','menu12029.jpg');
Insert into menu values ('12000','12030','Cuisine','Kabab E Kobeeda',' ',' ','350','menu12030.jpg');
Insert into menu values ('12000','12031','Cuisine','Kobeeda With Chalao',' ',' ','350','menu12031.jpg');
Insert into menu values ('12000','12032','Cuisine','Kabab E Dolma',' ',' ','365','menu12032.jpg');
Insert into menu values ('12000','12033','Cuisine','Bolani E Kofta',' ',' ','300','menu12033.jpg');
Insert into menu values ('12000','12034','Turkish','Donner',' ',' ','220','menu12034.jpg');
Insert into menu values ('12000','12035','Turkish','Istanbul Roll',' ',' ','300','menu12035.jpg');
Insert into menu values ('12000','12036','Turkish','Menemen',' ',' ','390','menu12036.jpg');
Insert into menu values ('12000','12037','Turkish','Shishitu',' ',' ','440','menu12037.jpg');
Insert into menu values ('12000','12038','Turkish','Macroni',' ',' ','440','menu12038.jpg');
Insert into menu values ('12000','12039','Breads','Butter Roti',' ',' ','25','menu12039.jpg');
Insert into menu values ('12000','12040','Breads','Butter Naan',' ',' ','45','menu12040.jpg');
Insert into menu values ('12000','12041','Breads','Paneer Kulcha',' ',' ','65','menu12041.jpg');
Insert into menu values ('12000','12042','Breads','Afghani Naan',' ',' ','50','menu12042.jpg');
Insert into menu values ('12000','12043','Breads','Aloo Kulcha',' ',' ','55','menu12043.jpg');
Insert into menu values ('12000','12044','Breads','Tandoori Roti',' ',' ','15','menu12044.jpg');
Insert into menu values ('12000','12045','Riata','Mix Veg Raita',' ',' ','115','menu12045.jpg');
Insert into menu values ('12000','12046','Riata','Jeera Raita',' ',' ','100','menu12046.jpg');
Insert into menu values ('12000','12047','Riata','Pineapple Raita',' ',' ','155','menu12047.jpg');
Insert into menu values ('12000','12048','Turkish','Turkish Baklava',' ',' ','110','menu12048.jpg');
Insert into menu values ('12000','12049','Turkish','Ice Cream',' ',' ','100','menu12049.jpg');
Insert into menu values ('12000','12050','Turkish','Sheer Berenj',' ',' ','100','menu12050.jpg');
Insert into menu values ('12000','12051','Turkish','Zhala',' ',' ','80','menu12051.jpg');
Insert into menu values ('12000','12052','Turkish','Sawaiyan',' ',' ','110','menu12052.jpg');
Insert into menu values ('12000','12053','Turkish','Firni',' ',' ','100','menu12053.jpg');
Insert into menu values ('12000','12054','Turkish','Gulab Jamun',' ',' ','80','menu12054.jpg');

insert into menutype values('12000','Starters','Starters');
insert into menutype values('12000','Veg','Indian Veg');
insert into menutype values('12000','Non-Veg','Indian Non-Veg');
insert into menutype values('12000','Cuisine','Iranian Cuisine');
insert into menutype values('12000','Riata','Riata');
insert into menutype values('12000','Turkish','Turkish Sweet-dish');



insert into menu values('8000','8001','non-veg','Tangri Kebab(Roasted Chicken leg Pre- marinated with hung curd and sixteen herbs)',' ','non-veg',240,'menu801');
insert into menu values('8000','8002','non-veg','Chicken Punjabi Seekh Kebab(Chicken Kebab made in punjabi style.)',' ','non-veg',300,'menu802');
insert into menu values('8000','8003','non-veg','Kalimirch Chicken Tikka(Boneless Roasted chicken thigh pieces premarinated with hung curd, sixteen herbs and mint chutney)',' ','non-veg',250,'menu803');
insert into menu values('8000','8004','non-veg','Lahsuni(Garlic) Chicken Tikka(Boneless Roasted chicken thigh pieces pre-marinated with hung curd, sixteen herbs and garlic powder)',' ','non-veg',250,'menu804');
insert into menu values('8000','8005','non-veg','Punjabi Chicken Tikka(Boneless Roasted chicken thigh pieces pre-marinated with hung curd and sixteen herbs, Nutmeg & Amul Cream)',' ','non-veg',250,'menu805');
insert into menu values('8000','8006','non-veg','Tandoori Chicken(Roasted Chicken Pre- marinated with hung curd and sixteen herbs)',' ','non-veg',370,'menu806');
insert into menu values('8000','8007','non-veg','Chicken Lahori Seekh Kebab(Chicken Kebab made with 18 herbs)',' ','non-veg',320,'menu807');
insert into menu values('8000','8008','non-veg','Chicken Reshmi Seekh Kebab(Chicken Kebab made with herbs and cheese)',' ','non-veg',280,'menu808');
insert into menu values('8000','8009','non-veg','African Devil Chicken Tikka(Boneless Roasted chicken thigh pieces premarinated with hung curd, sixteen herbs and Achaar Powder)',' ','non-veg',250,'menu809');
insert into menu values('8000','8010','non-veg','Chicken Malai Tikka(Roasted Chicken leg Pre- marinated with hung curd and sixteen herbs)',' ','non-veg',250,'menu810');
insert into menu values('8000','8011','non-veg','Achari Chicken Tikka(Boneless Roasted chicken thigh pieces premarinated with hung curd, sixteen herbs and Achaar Powder)',' ','non-veg',250,'menu811');
insert into menu values('8000','8012','non-veg','Afghani Chicken(Roasted chicken pre-marinated with hung curd and sixteen herbs, Nutmeg & Amul Cream)',' ','non-veg',390,'menu812');

insert into menu values('8000','8013','veg','African Devil Soya Chaap(Roasted Soya Chaaps pre-marinated with hung curd, sixteen herbs and Piri Piri Powder)',' ','veg',210,'menu813');
insert into menu values('8000','8014','veg','Mushroom Tikka(Roasted Mushrooms pre-marinated with hung curd and sixteen herbs)',' ','veg',180,'menu814');
insert into menu values('8000','8015','veg','Haryali Soya Chaap(Roasted Soya Chaaps pre-marinated with hung curd, sixteen herbs and spinach)',' ','veg',190,'menu815');
insert into menu values('8000','8016','veg','Tandoori Soya Chaap(Roasted Soya Chaaps pre-marinated with hung curd and sixteen herbs)',' ','veg',180,'menu816');
insert into menu values('8000','8017','veg','Haryali Paneer Tikka(Roasted Cottage Cheese pre-marinated with hung curd , turmeric and spinach)',' ','veg',190,'menu817');
insert into menu values('8000','8018','veg','Paneer Tikka(Roasted Cottage CheesePre- marinated with hung curd and sixteen herbs)',' ','veg',190,'menu818');
insert into menu values('8000','8019','veg','Vegetable Seekh Kabab(Roasted Mushrooms pre-marinated with hung curd and sixteen herbs)',' ','veg',160,'menu819');
insert into menu values('8000','8020','veg','Achaari Soya Chaap(Roasted Soya Chaaps premarinated with hung curd, sixteen herbs and Achaar Powder)',' ','veg',190,'menu820');
insert into menu values('8000','8021','veg','Punjabi Lahsuni Soya Chaap(Roasted Soya Chaaps pre-marinated with hung curd, sixteen herbs and garlic powder)',' ','veg',180,'menu821');
insert into menu values('8000','8022','veg','Malai Soya Chaap(Roasted Soya Chaaps pre-marinated with hung curd and sixteen herbs, Nutmeg & Amul Cream)',' ','veg',190,'menu822');
insert into menu values('8000','8023','veg','Punjabi Paneer Tikka(Roasted Cottage Cheese pre-marinated with hung curd and turmeric)',' ','veg',190,'menu823');

insert into menu values('8000','8024','Chinese','Chicken Noodles',' ','non-veg',110,'menu824');
insert into menu values('8000','8025','Chinese','Chicken Hakka Noodles',' ','non-veg',130,'menu825');
insert into menu values('8000','8026','Chinese','Spring Roll',' ','non-veg',80,'menu826');
insert into menu values('8000','8027','Chinese','Jamaican Fries',' ','non-veg',99,'menu827');
insert into menu values('8000','8028','Chinese','Mexican Fries',' ','non-veg',120,'menu828');
insert into menu values('8000','8029','Chinese','Chicken Singapuri',' ','non-veg',140,'menu829');
insert into menu values('8000','8030','Chinese','Chicken Fried Rice',' ','non-veg',140,'menu830');
insert into menu values('8000','8031','Chinese','Manchurain Non-Veg',' ','non-veg',180,'menu831');
insert into menu values('8000','8032','Chinese','Chilly Chicken',' ','non-veg',290,'menu832');
insert into menu values('8000','8033','Chinese','Veg Hakka Noodles',' ','veg',100,'menu833');
insert into menu values('8000','8034','Chinese','Veg Noodles',' ','veg',90,'menu834');
insert into menu values('8000','8035','Chinese','African Devil Fries',' ','veg',99,'menu835');
insert into menu values('8000','8036','Chinese','French Fries',' ','veg',99,'menu836');
insert into menu values('8000','8037','Chinese','Honey Chilly Potato',' ','veg',110,'menu837');
insert into menu values('8000','8038','Chinese','Veg Fried Rice',' ','veg',110,'menu838');
insert into menu values('8000','8039','Chinese','Manchurain Veg',' ','veg',150,'menu839');
insert into menu values('8000','8040','Chinese','Chilly Paneer',' ','veg',180,'menu840');


insert into menu values('8000','8041','Fish','Tandoori Fish Tikka(Roasted Fish fillets pre- marinated with hung curd and sixteen herbs)',' ','non-veg',350,'menu841');
insert into menu values('8000','8042','Fish','Fish Fry Continental(Fried fish in KFC style)',' ','non-veg',250,'menu842');
insert into menu values('8000','8043','Fish','Fish Fry Amritsari(Fried fish pre-marinated with 8 herbs)',' ','non-veg',250,'menu843');

insert into menu values('8000','8044','Burgers','Veg Cheese Burger',' ','veg',45,'menu844');
insert into menu values('8000','8045','Burgers','Chicken Burger',' ','non-veg',65,'menu845');

insert into menu values('8000','8046','Thick shakes','Saffron Cream Shake',' ','veg',80,'menu846');
insert into menu values('8000','8047','Thick shakes','Choclate Orio Shake',' ','veg',90,'menu847');
insert into menu values('8000','8048','Thick shakes','Strawberry Shake',' ','veg',80,'menu848');
insert into menu values('8000','8049','Thick shakes','Cold Coffee',' ','veg',80,'menu849');
insert into menu values('8000','8050','Thick shakes','Choclate Shake',' ','veg',80,'menu850');
insert into menu values('8000','8051','Thick shakes','Butter Scotch Shake',' ','veg',80,'menu851');
insert into menu values('8000','8052','Thick shakes','Strawberry Orio Shake',' ','veg',90,'menu852');

insert into menu values('8000','8053','Mocktails','Peach Delight',' ','veg',70,'menu853');
insert into menu values('8000','8054','Mocktails','Lemon Tea',' ','veg',70,'menu854');
insert into menu values('8000','8055','Mocktails','Vergin Mojito',' ','veg',70,'menu855');
insert into menu values('8000','8056','Mocktails','Watermelon Delight',' ','veg',70,'menu856');
insert into menu values('8000','8057','Mocktails','Saffron Cream Bliss',' ','veg',70,'menu857');

insert into menu values('8000','8058','Soup','Veg Manchaw Soup',' ','veg',50,'menu8058');
insert into menu values('8000','8059','Soup','Tomato Soup',' ','veg',50,'menu8059');
insert into menu values('8000','8060','Soup','Cream of Mushroom',' ','veg',55,'menu8060');
insert into menu values('8000','8061','Soup','Cream of Chicken',' ','non-veg',60,'menu8061');
insert into menu values('8000','8062','Soup','Chicken Manchaw Soup',' ','non-veg',70,'menu8062');
insert into menu values('8000','8063','Soup','Chicken Hot N Sour Soup',' ','non-veg',70,'menu8063');

insert into menu values('8000','8064','Chicken','Chicken Curry(Chicken cooked in home style with less spices)',' ','non-veg',320,'menu8064');
insert into menu values('8000','8065','Chicken','Chicken Tikka Masala(Chicken tikka cooked in chopped onion tomato gravy )',' ','non-veg',550,'menu8065');
insert into menu values('8000','8066','Chicken','Butter Chicken(Butter chicken is a dish of chicken in a mildly spiced creamy curry )',' ','non-veg',320,'menu8066');
insert into menu values('8000','8067','Chicken','Chicken Rara(combines the chiicken pieces along with the chicken keema)',' ','non-veg',550,'menu8067');
insert into menu values('8000','8068','Chicken','Kadai Chicken Boneless(Boneless Chicken cooked in onion tomato gravy with kadai masala)',' ','non-veg',360,'menu8068');
insert into menu values('8000','8069','Chicken','Butter Chicken Boneles(Butter chicken is a dish of boneless chicken in a mildly spiced creamy curry sauce)',' ','non-veg',320,'menu8069');

insert into menu values('8000','8070','Mutton','Mutton Rara(combines the mutton pieces along with the mutton keema)',' ','non-veg',370,'menu8070');
insert into menu values('8000','8071','Mutton','Mutton Rogan Josh(Packed with the delicious flavours of mutton on the bone, spices)',' ','non-veg',320,'menu8071');
insert into menu values('8000','8072','Mutton','Keema Curry(Mutton Keema is a gravy curry  made with minced meat)',' ','non-veg',275,'menu8072');
insert into menu values('8000','8073','Mutton','Mutton Korma(Mutton korma  is a shahi recipe made with mutton and nutty paste)',' ','non-veg',295,'menu8073');
insert into menu values('8000','8074','Mutton','Mutton Haryali(Mutton cooked with spinach and quite a few aromatics)',' ','non-veg',300,'menu8074');

insert into menu values('8000','8075','Veg','Paneer Pasanda(Saffron & Dry Fruit Stuffed)',' ','veg',220,'menu8075');
insert into menu values('8000','8076','Veg','Kadai Soya Chaap(Soya Chaap cooked in onion tomato gravy with kadai masala)',' ','veg',220,'menu8076');
insert into menu values('8000','8077','Veg','Paneer Pasanda(Saffron & Dry Fruit Stuffed)',' ','veg',220,'menu8077');
insert into menu values('8000','8078','Veg','Paneer Pasanda(Saffron & Dry Fruit Stuffed)',' ','veg',220,'menu8078');
insert into menu values('8000','8079','Veg','Paneer Pasanda(Saffron & Dry Fruit Stuffed)',' ','veg',220,'menu8079');


insert into menutype values('8000','non-veg','Tandoori non-veg');
insert into menutype values('8000','veg','Tandoori veg');
insert into menutype values('8000','Fish','Fish');
insert into menutype values('8000','Burgers','Burgers');
insert into menutype values('8000','Thick shakes','Thick shakes');
insert into menutype values('8000','Continental/Chinese','Continental/Chinese');
insert into menutype values('8000','Mocktails','Mocktails');
insert into menutype values('8000','Soup','Soup');
insert into menutype values('8000','Chicken','Chicken');
insert into menutype values('8000','Mutton','Mutton');

'Thick shakes'
'Continental/Chinese'
'Tandoori non-veg'

insert into menu values(800,8075,'Veg','Paneer Pasanda(Saffron & Dry Fruit Stuffed)','veg',220,'menu8075');


select * from menu where rid=5000;


select * from menutype;

CREATE TABLE MENUTYPE
   (	RID VARCHAR2(7), 
MTYPE VARCHAR2(50) primary key, 
	MTYPENAME VARCHAR2(500)
   ); 
   
drop table MENUTYPE;
select * from menutype where rid=4000;

Insert into MANAN.RESTREGISTRATION (RID,RNAME,RADDRESS,RAREA,RDESC,PNAME,COTACTNO,EMAIL,PASSWORD) values (3000,'ITC Maurya','Sardar Patel Marg, Akhaura Block, Diplomatic Enclave, Chanakyapuri','New Delhi','Dum Pukht, a process of slow-cooking in a sealed ‘handi’, allows the ingredients to mature in their own juices to bring out the intense flavours, aromas and leisurely luxury of the food, imbuing it with richness that distinguishes the cuisine.
','manan','7056031111','itcmaurya@gmail.com','icsd');

Insert into MANAN.RESTREGISTRATION (RID,RNAME,RADDRESS,RAREA,RDESC,PNAME,COTACTNO,EMAIL,PASSWORD) values (4000,'San Gimignano','1,Lobby Level, The Imperial Hotel, Janpath, Connaught Place','New Delhi','Wood-walled dining room within a smart hotel serving a menu of traditional Italian classics.','manan','7056031111','samgimignano@gmail.com','icsd');

Insert into MANAN.RESTREGISTRATION (RID,RNAME,RADDRESS,RAREA,RDESC,PNAME,COTACTNO,EMAIL,PASSWORD) values (5000,'Orient Express','Taj Palace, 2, Sardar Patel Marg, Diplomatic Enclave','New Delhi','Upmarket hotel venue serving cuisine from the countries that the Orient Express travels through.','manan','7056031111','orientexpress@gmail.com','icsd');

Insert into MANAN.RESTREGISTRATION (RID,RNAME,RADDRESS,RAREA,RDESC,PNAME,COTACTNO,EMAIL,PASSWORD) values (6000,'Nueng Roi','Radisson Blu Plaza, Block R, Mahipalpur Village, Mahipalpur','New Delhi','Traditional Thai dishes presented in an upscale, warm environment at the Radisson Blu Plaza hotel.','manan','7056031111','nuengroi@gmail.com','icsd');

Insert into MANAN.RESTREGISTRATION (RID,RNAME,RADDRESS,RAREA,RDESC,PNAME,COTACTNO,EMAIL,PASSWORD) values (7000,'ThreeSixty','The Oberoi, Dr Zakir Hussain Marg','New Delhi','Offering views of the landscaped hotel grounds, this stylish venue serves tandoori, sushi and pizza.','manan','7056031111','threesixty@gmail.com','icsd');

Insert into MANAN.RESTREGISTRATION (RID,RNAME,RADDRESS,RAREA,RDESC,PNAME,COTACTNO,EMAIL,PASSWORD) values (8000,'Tandoor N Grillz','SHOP NO 31 DDA Shopping Complex, Industrial Area Phase I, Block B, Naraina Industrial Area Phase 1, Naraina','New Delhi','Best Restaurants In Naraina Vihar Delhi, Best Tandoori Chicken, Roasted Chicken.','manan','7056031111','tandoorngrillz@gmail.com','icsd');

Insert into MANAN.RESTREGISTRATION (RID,RNAME,RADDRESS,RAREA,RDESC,PNAME,COTACTNO,EMAIL,PASSWORD) values (9000,'Gulaati Restaurant','6 Pandara Road Near Bikaner House Pandara Market','New Delhi','Longstanding choice for Indian, Mughlai and tandoori cooking. Lunchtime buffets available.','manan','7056031111','gulati@gmail.com','icsd');

Insert into MANAN.RESTREGISTRATION (RID,RNAME,RADDRESS,RAREA,RDESC,PNAME,COTACTNO,EMAIL,PASSWORD) values (10000,'Artusi Restaurant','M-24, M-Block Market, Greater Kailash 2','New Delhi','Upscale art deco design Italian restaurant plating home-cooked pasta and risotto.','manan','7056031111','artusi@gmail.com','icsd');

Insert into MANAN.RESTREGISTRATION (RID,RNAME,RADDRESS,RAREA,RDESC,PNAME,COTACTNO,EMAIL,PASSWORD) values (11000,'Spicy Duck','Ground Floor Taj Palace, Sardar Patel Marg, Diplomatic Enclave, Chanakyapuri','New Delhi','Refined rooms & suites, some with butler service, plus restaurants, a pool & banquet facilities.','manan','7056031111','spicyduck@gmail.com','icsd');

Insert into MANAN.RESTREGISTRATION (RID,RNAME,RADDRESS,RAREA,RDESC,PNAME,COTACTNO,EMAIL,PASSWORD) values (12000,'Dubai Dining','Near Nirankari Jewellers, http://dubaidiningdelhi.com 2509, 1t Floor, Hudson Ln, Kingsway Camp','New Delhi','Best Restaurant In GTB Nagar Delhi - Fine Dining Restaurants In GTB Nagar Delhi','manan','7056031111','dubaidining@gmail.com','icsd');

insert into menutype values('6000','appetizers','appetizers');
insert into menutype values('6000','salads','salads');
insert into menutype values('6000','soups','soups');
insert into menutype values('6000','main-course','main course');
insert into menutype values('6000','rice','rice');
insert into menutype values('6000','noodles','noodles');
insert into menutype values('6000','desserts','desserts');


Insert into menu values ('6000','6001','appetizers','tohu song khurg,rofu& betel mit leaf in pandonus cup with tamarind palm sugar sauce & roasted cacanut',' ','veg',525,’menu6001’,’menu6001.jpg’)
Insert into menu values ('6000','6002','appetizers','hed yang,grilled mushroom skewers with coriander roots & roasted chilli sauce',' ','veg',545,'menu6002.jpg');
Insert into menu values ('6000','6003','appetizers','pak krob’,’vegetable crisps',' ','veg','525','menu6003.jpg');
Insert into menu values ('6000','6004','appetizers','gai yang’,’grilled chicken with coriander roots & roasted chilli sauce',' ','non-veg','795','menu6004.jpg');
Insert into menu values ('6000','6005','appetizers','moo thodkatiem’,’deep-fried pork belly with garlic & pepper',' ','non-veg','745','menu6005.jpg');
Insert into menu values ('6000','6006','appetizers','peak gaithodnamdeang’,’deep-fried chicken with tomato sesame sauce',' ','non-veg','695','menu6006.jpg');
Insert into menu values ('6000','6007','appetizers','sai krogmoo’,’pork sausage with shallots, chilli& coriander',' ','non-veg','725','menu6007.jpg');
Insert into menu values ('6000','6008','appetizers','tohu priewwan’,’crisp fried tofu in sweet & sour sauce with crushed peanuts',' ','veg','525','menu6008.jpg');
Insert into menu values ('6000','6009','appetizers','tod man khaopod’,’corn fritter with sweet chilli sauce',' ','veg','545','menu6009.jpg');
Insert into menu values ('6000','6010','appetizers','kai jiewgai sab’,’thaiomelette with chicken, shallot, sweet basil & tomato',' ','non-veg','395','menu6010.jpg');
Insert into menu values ('6000','6011','appetizers','khao krebgoong’,’prawn cracker with sweet chilli sauce',' ','non-veg','625','menu6011.jpg');
Insert into menu values ('6000','6012','appetizers','gai louis suan’,’deep-fried chicken breast with hetel nut leaves, shallot & peanut',' ','non-veg','695','menu6012.jpg');
Insert into menu values ('6000','6013','appetizers','porpia sod’,’phuket style fresh vegetables spring roll',' ','veg','545','menu6013.jpg');


Insert into menu values ('6000','6014','appetizers','gai horbaitoey’,’deep-fried chicken wrapped in pandanus leaves',' ','non-veg','745','menu6024.jpg');
Insert into menu values ('6000','6015','appetizers','satay gai’,’grilled chicken skewers with peanut sauce&cucumber relish',' ','non-veg','795','menu6025.jpg');
Insert into menu values ('6000','6016','appetizers','goonp choop peak thod’,’golden fried prawns',' ','non-veg','745','menu6026.jpg');

Insert into menu values ('6000','6017','salads','som tum’,’raw papaya salad with peanut, chilli& light soya sauce',' ','veg','695','menu6027.jpg');
Insert into menu values ('6000','6018','salads','labb gai’,’minced chicken salad with long coriander, mint, shallot & roasted rice powder',' ','non-veg','695','menu6028.jpg');
Insert into menu values ('6000','6019','salads','yam hneamsod’,’salad of pork mince, shallot, peanut, wild ginger red chilli& ginger',' ','non-veg','725','menu6029.jpg');
Insert into menu values ('6000','6020','salads','tum taengkwa’,’cucumber salad with shallot, cashew nut chilli& lemon soya dressing',' ','veg','625','menu6030.jpg');
Insert into menu values ('6000','6021','salads','yam hedbpa’,’wild mushroom salad with celery, shallot, spring onion & tomato lime dressing',' ','veg','625','menu6031.jpg');
Insert into menu values ('6000','6022','salads','yam pedyang’,’grilled duck salad with pineapple, lychee, shallot, tomato &chilli lime sauce',' ','non-veg','795','menu6032.jpg');
Insert into menu values ('6000','6023','salads','yam plakrob’,’crispy fish salad with pineapple & lime chilli sauce',' ','non-veg','695','menu6033.jpg');
Insert into menu values ('6000','6024','salads','yam gaiyang’,’grilled chicken salad with tomato, celery, spring onion white onion & sweet chilli dressing',' ','non-veg','695','menu6034.jpg');
Insert into menu values ('6000','6025','salads','yam paksod’,’raw mango, long bean. Cucumber, carrot & green eggplant salad',' ','veg','625','menu6035.jpg');
Insert into menu values ('6000','6026','salads','yam tuaelisong’,’steamed peanut salad with tomato, celery & palm sugar dressing',' ','veg','625','menu6036.jpg');

Insert into menu values ('6000','6027','soups','gaeng juetjae’,’vegetable broth with soya bean curd, mushroom &thai herbs',' ','veg','395','menu6043.jpg');
Insert into menu values ('6000','6028','soups','tom gatiplakrob’,’banana blossom & coconut milk soup with fried fish',' ','non-veg','425','menu6044.jpg');
Insert into menu values   ('6000','6029','soups','gaeng juettohuoontueahrong’,’soft tofu soup with bean sprouts & garlic oil',' ','veg','395','menu6045.jpg');
Insert into menu values ('6000','6030','soups','gaeng juetgaisab’,chicken dumpling soup with chives & roasted garlic',' ','non-veg','475','menu6046.jpg');
Insert into menu values ('6000','6031','soups','gaengliang woonsen’,’glass noodle & coconut broth with green squash & basil',' ','veg','425','menu6047.jpg');
Insert into menu values ('6000','6032','soups','tom yum goong’,’spicy & sour prawns soup with lemongrass, kaffir lime & galangal',' ','non-veg','495','menu6048.jpg');
Insert into menu values ('6000','6033','soups','gai tom kamin’,’chicken turmeric coup',' ','non-veg','425','menu6049.jpg');
Insert into menu values ('6000','6034','soups','tom yum pak’,’spicy & sour vegetable soup with lemongrass, kaffir lime&galangal',' ','veg','425','menu6050.jpg');
Insert into menu values ('6000','6035','soups','tom khapak’,’vegetables & coconut milk broth with mushroom, coriander, kaffir lime&galangal',' ','veg','395','menu6051.jpg');
Insert into menu values ('6000','6036','soups','tom yum pla’,’spicy & sour fish soup with mushroom, lemongrass, kaffir lime&galangal',' ','non-veg','425','menu6052.jpg');
Insert into menu values ('6000','6037','soups','tom khagai’,’chicken & coconut milk broth with mushroom, coriander, kaffir lime&galangal',' ','non-veg','495','menu6053.jpg');

Insert into menu values ('6000','6038','main-course','phadkeemaowtohu’,’tofu & vegetables with hot basil, chilli& dark soya sauce',' ','veg','695','menu6054.jpg');
Insert into menu values ('6000','6039','main-course','phadpakbanjarong’,’asparagus, snow peas, mushroom, baby corn & cauliflower with garlic, soya sauce & pepper',' ','veg','695','menu6055.jpg');
Insert into menu values ('6000','6040','main-course','phadtueahrong’,’wok fried tofu, bean sprout & chives with soya sauce',' ','veg','695','menu6056.jpg');
Insert into menu values ('6000','6041','main-course','pla yang kamin’,’grilled seabass with fresh turmeric & tamarind sauce',' ','non-veg','925','menu6057.jpg');
Insert into menu values ('6000','6042','main-course','planeungmanao’,’steamed fish with lime chilli sauce',' ','non-veg','995','menu6058.jpg');
Insert into menu values ('6000','6043','main-course','gaikrapow’,’minced chicken with long beans, hot basil & chilli',' ','non-veg','995','menu6059.jpg');
Insert into menu values ('6000','6044','main-course','gai yang krunggaeng’,’grilled chicken ckewers marinated with home-made curry pasta served with papaya pickle',' ','non-veg','845','menu6060.jpg');
Insert into menu values ('6000','6045','main-course','gaengprik moo’,’isan style pork curry with raw papaya, kaffir lime & spices',' ','non-veg','1050','menu6061.jpg');
Insert into menu values ('6000','6046','main-course','phadpakkana’,’kale with light soya sauce, garlic & chilli',' ','veg','695','menu6062.jpg');

Insert into menu values ('6000','6047','rice','khao phadnampriktakrai’,’egg fried rice with lemongrass dip',' ','non-veg','695','menu6093.jpg');
Insert into menu values ('6000','6048','rice','khao phadgoong/talay/ gai/ pak’,’sit-fried rice prawns or seafood or chicken or vegetables',' ','non-veg','795','menu6094.jpg');
Insert into menu values ('6000','6049','rice','khao phadsmoonpraigoong/gai’,’red curry fried rice with white turmeric & herbs with choice of chicken/prawn',' ','non-veg','795','menu6095.jpg');
Insert into menu values ('6000','6050','rice','khao phadkrapowgai/moo’,’fried rice with long beans, hot basil chilli& minced chicken or pork',' ','non-veg','745','menu6096.jpg');
Insert into menu values ('6000','6051','rice','khao phadsapparodtalay’,’pineapple fried rice with seafood & cashew nuts',' ','non-veg','795','menu6097.jpg');
Insert into menu values ('6000','6052','noodles','bamee nahmgai/goong/talay’,’hot pot noodle soup with vegetables & choice of chicken/ prawn/ seafood',' ','non-veg','795','menu6098.jpg');
Insert into menu values ('6000','6053','noodles','khao soigai’,’northern style crisp fried curried noodle soup with chicken',' ','non-veg','825','menu6099.jpg');
Insert into menu values ('6000','6154','noodles','lad nartalay’,’stir-fried noodle dish topped with vegetables & seafood in a gravy of garlic and soyabean sauce',' ','non-veg','975','menu6100,jpg');
Insert into menu values ('6000','6055','noodles','phad see-ewgai/ goong/ talay/ moo’,’homemade rice noodle with kale, carrot & baby corn with choice of chicken/ prawn/ seafood/ pork',' ','non-veg','625','menu6101.jpg');
Insert into menu values ('6000','6056','noodles','phad thaigai/ goong/ talay’,’flat rice noodle with bean sprout, chive, tamarind, chilli& peanut with choice of chicken/ prawn/ seafood',' ','non-veg','825','menu6102.jpg');
Insert into menu values ('6000','6057','noodles','mee spumgai/ goong’,’stir-fried egg noodle with black soy &bokchoy with choice of chicken/seafood',' ','non-veg','725','menu6103.jpg');
Insert into menu values ('6000','6058','noodles','phad meehungai/ moo’,’stir-fried vermicelli with black soya, kale & carrot with chicken/pork',' ','non-veg','725','menu6104.jpg');
Insert into menu values ('6000','6059','desserts','tub timkrob’,’water chestnut in coconut jasmine syrup',' ','veg','525','menu6105.jpg');
Insert into menu values ('6000','6060','desserts','khao niewmamuang’,’sticky rice with fresh mango & coconut milk',' ','veg','525','menu6106.jpg');
Insert into menu values ('6000','6061','desserts','kanom tom’,’jaggerystuffespandanus glutinous rice dumpling with coconut',' ','veg','425','menu6107.jpg');
Insert into menu values ('6000','6062','desserts','coconut crème caramel',' ','non-veg','495','menu6108.jpg');
Insert into menu values ('6000','6063','desserts','lemon cheese cake',' ','non-veg','495','menu6109.jpg');
Insert into menu values ('6000','6064','desserts','chocolate fudge brownie',' ','non-veg','525','menu6110.jpg');
Insert into menu values ('6000','6065','desserts','choice of ice cream coconut/ banana/ fig&honey',' ','veg','425','menu6111.jpg');

'soup/ horba'
’salad aurdahikadaur’
’kebab khazanamahiaurmarghkenazrane’

insert into menutype values('9000','soup','soup/ horba');
insert into menutype values('9000','salad','salad aurdahikadaur');
insert into menutype values('9000','kebab','kebab khazanamahiaurmarghkenazrane');
insert into menutype values('9000','gosht-kenazrane','gosht kenazrane');
insert into menutype values('9000','shakahari-nazrane','shakahari nazrane');


Insert into menu values('9000','9001','soup','haryalishorba',' ','veg','235','menu9001.jpg');
Insert into menu values('9000','9002','soup','cream of tomato',' ','veg','235','menu9002.jpg');
Insert into menu values('9000','9003','soup','cream of mushroom',' ','veg','235','menu9003.jpg');
Insert into menu values('9000','9004','soup','cream of veg',' ','veg','235','menu9004.jpg');
Insert into menu values('9000','9005','soup','sweet corn',' ','veg','235','menu9005.jpg');
Insert into menu values('9000','9006','soup','sweet corn',' ','non-veg','235','menu9006.jpg');
Insert into menu values('9000','9007','soup','cream of chicken',' ','non-veg’','235','menu9007.jpg');
Insert into menu values('9000','9008','soup','chicken clear soup',' ','non-veg','235','menu9008.jpg');
Insert into menu values('9000','9009','salad','salad platter’,’macroni salad, corn salad, Russian salad &aloochaat',' ','veg','250','menu9009.jpg');
Insert into menu values('9000','9010','salad','fruit platter',' ','veg','245','menu9010.jpg');
Insert into menu values('9000','9011','salad','harabhara platter',' ','veg','205','menu9011.jpg');
Insert into menu values('9000','9012','salad','bahitadka(new)',' ','veg','295','menu9012.jpg');
Insert into menu values('9000','9013','salad','pineapple raita',' ','veg','255','menu9013.jpg');
Insert into menu values('9000','9014','salad','raita of your choice’,’mint/boondi/potatao/cucumber/mix veg/boorani',' ','veg','245','menu9014.jpg');
Insert into menu values('9000','9015','salad','plain raita',' ','veg','240','menu9015.jpg');
Insert into menu values('9000','9016','salad','roasted papad',' ','veg','55','menu9016.jpg');

Insert into menu values('9000','9017','kebab','fish-65',' ','non-veg','735','menu9021.jpg');
Insert into menu values('9000','9018','kebab','kashmiri kebab',' ','non-veg','695','menu9022.jpg');
Insert into menu values('9000','9019','kebab','murghseekh kebab',' ','non-veg','610','menu9023.jpg');
Insert into menu values('9000','9020','kebab','neza kebab',' ','non-veg','695','menu9024.jpg');
Insert into menu values('9000','9021','kebab','murghmalai tikka',' ','non-veg','695','menu9025.jpg');
Insert into menu values('9000','9022','kebab','tangri tikka',' ','non-veg','610','menu9026.jpg');
Insert into menu values('9000','9023','kebab','murgh tikka',' ','non-veg','830','menu9027.jpg');
Insert into menu values('9000','9024','kebab','tandoori chicken',' ','non-veg','675','menu9028.jpg');
Insert into menu values('9000','9025','kebab','chicken-65',' ','non-veg','675','menu9029.jpg');
Insert into menu values('9000','9026','kebab','shahimurgh platter’,murghmalai tikka, tandoori chicken &murghseekh kebab',' ','non-veg','1045','menu9030.jpg');

Insert into menu values('9000','9027','gosht-kenazrane','gulatispl. Murghaurgoshtkimiloni seekh',' ','non-veg','650','menu9031.jpg');
Insert into menu values('9000','9028','gosht-kenazrane','kakori kebab',' ','non-veg','670','menu9032.jpg');
Insert into menu values('9000','9029','gosht-kenazrane','galoutikebab',' ','non-veg','670','menu9033.jpg');
Insert into menu values('9000','9030','gosht-kenazrane','kastoorikebab',' ','non-veg','650','menu9034.jpg');
Insert into menu values('9000','9031','gosht-kenazrane','burrah akbari',' ','non-veg','785','menu9035.jpg');
Insert into menu values('9000','9032','gosht-kenazrane','non-veg khazana’,’tangri kebab, kakori kebab & fish tikka',' ','non-veg','930','menu9036.jpg');
Insert into menu values('9000','9033','gosht-kenazrane','shahi non-veg platter’,’murghseekh kebab, reza kebab’ Kastoori kebab &burrah akbari',' ','non-veg','1250','menu9037.jpg');

Insert into menu values('9000','9034','shakahari-nazrane','veg galouti',' ','veg','520','menu9043.jpg');
Insert into menu values('9000','9035','shakahari-nazrane','dahike kebab',' ','veg','520','menu9044.jpg');
Insert into menu values('9000','9036','shakahari-nazrane','paneer gilafi',' ','veg','435','menu9045.jpg');
Insert into menu values('9000','9037','shakahari-nazrane','paneer-65',' ','veg','435','menu9046.jpg');
Insert into menu values('9000','9038','shakahari-nazrane','veg seekh kebab',' ','veg','495','menu9047.jpg');
Insert into menu values('9000','9039','shakahari-nazrane','tandoori aloo',' ','veg','435','menu9048.jpg');
Insert into menu values('9000','9040','shakahari-nazrane','haryali paneer tikka',' ','veg','520','menu9049.jpg');
Insert into menu values('9000','9041','shakahari-nazrane','paneer tikka',' ','veg','520','menu9050.jpg');
Insert into menu values('9000','9042','shakahari-nazrane','paneer tikka malai',' ','veg','520','menu9051.jpg');
Insert into menu values('9000','9043','shakahari-nazrane','paneer tikkaplatter’,’paneer tikka lajawab, malai&haryali paneer tikka',' ','veg','635','menu9052.jpg');
Insert into menu values('9000','9044','shakahari-nazrane','veg khazana’,’tandoori mushroom, veg galouti& paneer gilafi',' ','veg','695','menu9053.jpg');
Insert into menu values('9000','9045','shakahari-nazrane','shahi veg platter’,’vegseekh kebab, paneer tikka, dahike kebab & tandoori aloo',' ','veg','895','menu9054.jpg');

Insert into menu values(‘9000’,’9058’,’mahi aurmurghkenazranehandi se’,’hyderabadi fish curry’,’non-veg’,’750’,’menu9058.jpg’);
Insert into menu values(‘9000’,’9059’,’mahi aurmurghkenazranehandise’,’fish tikka masala’,’non-veg’,’750’,’menu9059.jpg’);
Insert into menu values(‘9000’,’9060’,’mahi aurmurghkenazranehandi se’,’murghgulati bemisaal’,’non-veg’,’640’,’menu9060.jpg’);
Insert into menu values(‘9000’,’9061’,’mahi aurmurghkenazranehandi se’,’hyderabadidumka murgh’,’non-veg’,’640’,’menu9061.jpg’);
Insert into menu values(‘9000’,’9062’,’mahi aurmurghkenazranehandi se’,’hyderabadimurgh handi’,’non-veg’,’640’,’menu9062.jpg’);
Insert into menu values(‘9000’,’9063’,’mahi aurmurghkenazranehandi se’,’murgh kali mirch’,’non-veg’,’640’,’menu9063.jpg’);
Insert into menu values(‘9000’,’9064’,’mahi aurmurghkenazranehandise’,’chicken khurchan’,’non-veg’,’600’,’menu9064.jpg’);
Insert into menu values(‘9000’,’9065’,’mahi aurmurghkenazranehandise’,’chicken labadar’,’non-veg’,’640’,’menu9065.jpg’);
Insert into menu values(‘9000’,’9066’,’mahi aurmurghkenazranehandi se’,’saag chicken’,’non-veg’,’600’,’menu9066.jpg’);
Insert into menu values(‘9000’,’9067’,’mahi aurmurghkenazranehandise’,’chickenmethi malai’,’non-veg’,’640’,’menu9067.jpg’);
Insert into menu values(‘9000’,’9068’,’mahi aurmurghkenazranehandi se’,’murghmakhani (butter chicken)’,’non-veg’,’875/full,640/half’,’menu9068.jpg’);
Insert into menu values(‘9000’,’9069’,’mahi aurmurghkenazranehandi se’,’kadhaimurgh masaledar’,’non-veg’,’875/full,640/half’,’menu9069.jpg’);
Insert into menu values(‘9000’,’9070’,’mahi aurmurghkenazranehandi se’,’murgh tikka masala’,’non-veg’,’640’,’menu9070.jpg’);
Insert into menu values(‘9000’,’9071’,’mahi aurmurghkenazranehandi se’,’rarha murgh’,’non-veg’,’640’,’menu9071.jpg’);

Insert into menu values(‘9000’,’9084’,’paneer kenazranehandise’,’paneer kali mirch (new)’,’veg’,’510’,’menu9084.jpg’);
Insert into menu values(‘9000’,’9085’,’paneer kenazranehandise’,’paneermethimalai (seasonal)’,’veg’,’510’,’menu9085.jpg’);
Insert into menu values(‘9000’,’9086’,’paneer kenazranehandise’,’paneer khurchan’,’veg’,’510’,’menu9086.jpg’);
Insert into menu values(‘9000’,’9087’,’paneer kenazranehandise’,’paneer kastoori’,’veg’,’510’,’menu9087.jpg’);
Insert into menu values(‘9000’,’9088’,’paneer kenazranehandise’,’paneer hyderabadi’,’veg’,’510’,’menu9088.jpg’);
Insert into menu values(‘9000’,’9089’,’paneer kenazranehandise’,’paneerdhania adraki’,’veg’,’510’,’menu9089.jpg’);
Insert into menu values(‘9000’,’9090’,’paneer kenazranehandise’,’paneer achari’,’veg’,’510’,’menu9090.jpg’);
Insert into menu values(‘9000’,’9091’,’paneer kenazranehandise’,’paneer do pyaza’,’veg’,’510’,’menu9091.jpg’);
Insert into menu values(‘9000’,’9092’,’paneer kenazranehandi se’,’shahipaneer’,’veg’,’510’,’menu9092.jpg’);
Insert into menu values(‘9000’,’9093’,’paneer kenazranehandise’,’paneer makhani’,’veg’,’510’,’menu9093.jpg’);
Insert into menu values(‘9000’,’9094’,’paneer kenazranehandise’,’paneer lababdar’,’veg’,’510’,’menu9094.jpg’);
Insert into menu values(‘9000’,’9095’,’paneer kenazranehandi se’,’kadhaipaneer’,’veg’,’510’,’menu9095.jpg’);
Insert into menu values(‘9000’,’9096’,’paneer kenazranehandi se’,’papadpaneer ki sabzi’,’veg’,’475’,’menu9096.jpg’);
Insert into menu values(‘9000’,’9097’,’paneer kenazranehandise’,’paneer bhurji’,’veg’,’475’,’menu9097.jpg’);
Insert into menu values(‘9000’,’9098’,’paneer kenazranehandi se’,’palak paneer’,’veg’,’475’,’menu9098.jpg’);
Insert into menu values(‘9000’,’9099’,’subzionkenazranehandi se’,’hyderabadi vegetable handi’,’veg’,’510’,’menu9099.jpg’);
Insert into menu values(‘9000’,’9100’,’subzion kenazranehandi se’,’alooamritsari (new)’,’veg’,’435’,’menu9100.jpg’);
Insert into menu values(‘9000’,’9101’,’subzion kenazranehandise’,’mushroomkastoori (new)’,’veg’,’475’,’menu9101.jpg’);
Insert into menu values(‘9000’,’9102’,’subzion kenazranehandise’,’mushroom corn masala (new)’,’veg’,’475’,’menu9102.jpg’);
Insert into menu values(‘9000’,’9103’,’subzion kenazranehandi se’,’palak kofta’,’veg’,’475’,’menu9103.jpg’);
Insert into menu values(‘9000’,’9104’,’subzion kenazranehandi se’,’kurkuri bhindi’,’veg’,’435’,’menu9104.jpg’);
Insert into menu values(‘9000’,’9105’,’subzion kenazranehandi se’,’bhindi masala’,’veg’,’435’,’menu9105.jpg’);
Insert into menu values(‘9000’,’9106’,’subzion kenazranehandi se’,’gatta curry’,’veg’,’435’,’menu9106.jpg’);
Insert into menu values(‘9000’,’9107’,’subzion kenazranehandi se’,’dilpasandmalai kofta’,’veg’,’510’,’menu9107.jpg’);
Insert into menu values(‘9000’,’9108’,’subzion kenazranehandi se’,’malaikofta punjabi’,’veg’,’510’,’menu9108.jpg’);
Insert into menu values(‘9000’,’9109’,’subzion kenazranehandi se’,’papadpyazki sabzi’,’veg’,’435’,’menu9109.jpg’);
Insert into menu values(‘9000’,’9110’,’subzion kenazranehandi se’,’hyderabaditadka mushroom’,’veg’,’475’,’menu9110.jpg’);
Insert into menu values(‘9000’,’9111’,’subzion kenazranehandi se’,’khumbhara pyaz’,’veg’,’475’,’menu9111.jpg’);
Insert into menu values(‘9000’,’9112’,’subzion kenazranehandi se’,’mattar mushroom’,’veg’,’475’,’menu9112.jpg’);
Insert into menu values(‘9000’,’9113’,’subzion kenazranehandi se’,’hyderabadidumke aloo’,’veg’,’475’,’menu9113.jpg’);
Insert into menu values(‘9000’,’9114’,’subzion kenazranehandi se’,’dumaloo kashmiri’,’veg’,’510’,’menu9114.jpg’);
Insert into menuvalues(‘9000’,’9115’,’subzion kenazranehandi se’,’aamras aloo’,’veg’,’435’,’menu9115.jpg’);

Insert into menu values(‘9000’,’9133’,’basmati kakhazana’,’hyderabadidumpukht biryani (mutton)’,’non-veg’,’759’,’menu9133.jpg’);
Insert into menu values(‘9000’,’9134’,’basmati kakhazana’,’hyderabadidumpukht biryani (chicken)’,’non-veg’,’739’,’menu9134.jpg’);
Insert into menu values(‘9000’,’9135’,’basmati kakhazana’,’hyderabadi veg biryani (tahiri)’,’veg’,’589’,’menu9135.jpg’);
Insert into menu values(‘9000’,’9136’,’basmati kakhazana’,’kashmiri biryani’,’veg’,’419’,’menu9136.jpg’);
Insert into menu values(‘9000’,’9137’,’basmati kakhazana’,’jeera pulao’,’veg’,’409’,’menu9137.jpg’);
Insert into menu values(‘9000’,’9138’,’basmati kakhazana’,’plain rice’,’veg’,’349’,’menu9138.jpg’);
Insert into menu values(‘9000’,’9139’,’naan aurrotiyan’,’cheese garlic naan’,’veg’,’195’,’menu9139.jpg’);
Insert into menu values(‘9000’,’9140’,’naan aurrotiyan’,’cheese naan’,’veg’,’185’,’menu9140.jpg’);
Insert into menu values(‘9000’,’9141’,’naan aurrotiyan’,’olive parantha/naan’,’veg’,’160’,’menu9141.jpg’);
Insert into menu values(‘9000’,’9142’,’naan aurrotiyan’,’tandoori roti’,’veg’,’75’,’menu9142.jpg’);
Insert into menu values(‘9000’,’9143’,’naan aurrotiyan’,’makhani roti’,’veg’,’95’,’menu9143.jpg’);
Insert into menu values(‘9000’,’9144’,’naan aurrotiyan’,’roomali roti’,’veg’,’95’,’menu9144.jpg’);
Insert into menu values(‘9000’,’9145’,’naan aurrotiyan’,’palakki roomali’,’veg’,’95’,’menu9145.jpg’);
Insert into menu values(‘9000’,’9146’,’naan aurrotiyan’,’roomali platter(plain, spinach)’,’veg’,’180’,’menu9146.jpg’);
Insert into menu values(‘9000’,’9147’,’naan aurrotiyan’,’khasta roti’,’veg’,’125’,’menu9147.jpg’);
Insert into menu values(‘9000’,’9148’,’naan aurrotiyan’,’makkiki roti (seasonal)’,’veg’,’125’,’menu9148.jpg’);
Insert into menu values(‘9000’,’9149’,’naan aurrotiyan’,’missi masala roti’,’veg’,’125’,’menu9149.jpg’);
Insert into menu values(‘9000’,’9150’,’naan aurrotiyan’,’punjabichurchur naan / parantha’,’veg’,’185’,’menu9150.jpg’);
Insert into menu values(‘9000’,’9151’,’naan aurrotiyan’,’ajwaini parantha’,’veg’,’140’,’menu9151.jpg’);
Insert into menu values(‘9000’,’9152’,’naan aurrotiyan’,’harimirchka  parantha’,’veg’,’140’,’menu9152.jpg’);
Insert into menu values(‘9000’,’9153’,’naan aurrotiyan’,’laalmirchka parantha’,’veg’,’140’,’menu9153.jpg’);
Insert into menu values(‘9000’,’9154’,’naan aurrotiyan’,’makhani parantha’,’veg’,’140’,’menu9154.jpg’);

Insert into menu values('9000',’9164’,’meethai kadaur’,’gulati’s special dessert platter’,’veg’,’275’,’menu9164.jpg’);
Insert into menu values('9000',’9165’,’meethai kadaur’,’fruit cream’,’veg’,’215’,’menu9165.jpg’);
Insert into menu values('9000',’9166’,’meethai kadaur’,’gulam jamun’,’veg’,’205’,’menu9166.jpg’);
Insert into menu values('9000',’9167’,’meethai kadaur’,’mung dal halwa’,’veg’,’235’,’menu9167.jpg’);
Insert into menu values('9000',’9168’,’meethai kadaur’,’gajjarkahalwa (seasonal)’,’veg’,’235’,’menu9168.jpg’);

Insert into menu values ('11000','11001','Dim Sum','ying yang har gao','non-veg',’525’,'menu11001.jpg');
Insert into menu values ('11000','11002','Dim Sum','steamed shrimps dumpling scallop','non-veg',’525’,'menu11002.jpg');
Insert into menu values ('11000','11003','Dim Sum','deep fried scallop, prawn and sweet corn puff','non-veg',’525’,'menu11003.jpg');
Insert into menu values ('11000','11004','Dim Sum','steamed minced lamb dumpling, young ginger','non-veg',’525’,'menu11004.jpg');
Insert into menu values ('11000','11005','Dim Sum','chickenpakchoi dumpling with superior sauce, chilli oil','non-veg',’525’,'menu11005.jpg');
Insert into menu values ('11000','11006','Dim Sum','steamed prawn and chicken sui mai, tobiko','non-veg',’525’,'menu11006.jpg');
Insert into menu values ('11000','11007','Dim Sum','BBQ pork bun','non-veg',’525’,'menu11007.jpg');
Insert into menu values ('11000','11008','Dim Sum','ginger chicken bun','non-veg',’525’,'menu11008.jpg');
Insert into menu values ('11000','11009','Dim Sum','pan-fried chicken ‘guo tie’','non-veg',’525’,'menu11009.jpg');
Insert into menu values ('11000','11010','Dim Sum','crispy spring rolls, mushroom, milk in truffle oil','veg',’600’,'menu11010.jpg');
Insert into menu values ('11000','11011','Dim Sum','thousand layer radish puff, mock ham','veg',’525’,'menu11011.jpg');
Insert into menu values ('11000','11012','Dim Sum','steamed king mushroom, black fungus, water chestnut,'veg',’525’,'menu11012.jpg');
Insert into menu values ('11000','11013','Dim Sum','shanghai vegetarian dumpling’,'veg',’525’,'menu11013.jpg');
Insert into menu values ('11000','11014','Dim Sum','steamed edamame dumpling, truffle oil','veg',’525’,'menu11014.jpg');
Insert into menu values ('11000','11015','Dim Sum',’steamed fungus dumpling','veg',’525’,'menu11015');
Insert into menu values ('11000','11016','Dim Sum','crispy spring rolls, mushroom, milk in truffle oil','veg',’525’,'menu11016.jpg');
Insert into menu values ('11000','11017','Dim Sum',’steamed zucchini dumpling ,'veg',’525’,'menu11017.jpg');
Insert into menu values ('11000','11018','Dim Sum',’assorted vegetable, water chestnut spring rolls ,'veg',’450’,'menu11018.jpg');
Insert into menu values ('11000','11019','Appetizers','stir-fried prawn, chef leong superior spicy sauce,'non-veg',’825’,'menu11019.jpg');
Insert into menu values ('11000','11020','Appetizers','steamed alaskan crab leg, garlic sauce’,'non-veg',’825’,'menu11020.jpg');
Insert into menu values ('11000','11021','Appetizers','champagne pork chop’,'non-veg',’600’,'menu11021.jpg');
Insert into menu values ('11000','11022','Appetizers','crispy chicken with chef leong’s superior spicy sauce’,'non-veg',’600’,'menu11022.jpg');
Insert into menu values ('11000','11023','Appetizers','”Yunnan style” marinated shredded chicken, fresh coriander, bird eye chilli, lemon juice’,'non-veg',’600’,'menu11023.jpg');
Insert into menu values ('11000','11024','Appetizers','wok-fried shimeiji mushroom, dry chilli, green bean’,'veg',’600’,'menu11024.jpg');
Insert into menu values ('11000','11025','Appetizers','vegetable dao su’,'veg',’550’,'menu11025.jpg');
Insert into menu values ('11000','11026','Appetizers','black fungud tossed with rice vinegar’,'veg',’550’,'menu11026.jpg');
Insert into menu values ('11000','11027','Appetizers',’deep fried sweet corn with fragrant spicy chilli sauce’,'veg',’550’,'menu11027.jpg');
Insert into menu values ('11000','11028','Appetizers',’crispy lotus root, fragrant spicy chilli sauce’,'veg',’550’,'menu11028.jpg');
Insert into menu values ('11000','11029','Appetizers',’swiss chard, roasted sesame seeds’,'veg',’550’,'menu11029.jpg');
Insert into menu values ('11000','11030','Appetizers',’’’yunnan style” mannated fresh coriander, bird eye chilli, lemon juice tofu with peanut and sesame’,'veg',’550’,'menu11030.jpg');
Insert into menu values ('11000','11031','Spicy Duck',’peking duck (two courses) sliced skin, spring onion, cucumber’,’deep-fried duck bone, spicy salt and pepper’,'veg',’full/3500,half/2000’,'menu11031.jpg');
Insert into menu values ('11000','11032','Spicy Duck',’peking duck (two courses) sliced skin, spring onion, cucumber’,’stir-fried shredded duck, vegetables and black bean sauce’,'veg',’full/3500,half/2000’,'menu11032.jpg');
Insert into menu values ('11000','11033','Appetizers',’duck spring rolls with hoisin sauce’,'veg',’1150’,'menu11033.jpg');
Insert into menu values ('11000','11034','Appetizers',’crispy duck air dried shrimp, master chef’s signature infused oil’,'veg',’1150’,'menu11034.jpg');
Insert into menu values ('11000','11035','Appetizers',’wok-fried sliced duck, black bean sauce’,'veg',’1150’,'menu11035.jpg');
Insert into menu values ('11000','11036','Appetizers',’wok-fried duck mala sauce clay pot’,'veg',’1150’,'menu11036.jpg');
Insert into menu values ('11000','11037','Appetizers',’spicy duck dumpling with vegetables’,'veg',’525’,'menu11037.jpg');
Insert into menu values ('11000','11038','Appetizers',’celery duck dumpling’,'veg',’525’,'menu11038.jpg');
Insert into menu values ('11000','11039','Appetizers',’lu hou spicy sauce wok tossed sliced duck, Szechuan pepper corn’,'veg',’525’,'menu11039.jpg');
Insert into menu values ('11000','11040','Soup',’braised seafood soup, diced bean curd’,'veg',’550’,'menu11040.jpg');
Insert into menu values ('11000','11041','Soup',’wonton soup’,’vegetables’,'veg',’550’,'menu11041.jpg');
Insert into menu values ('11000','11042','Soup',’wonton soup’,’chicken’,'non-veg',’550’,'menu11042.jpg');
Insert into menu values ('11000','11043','Soup',’szechuan soup’,’vegetables’,'veg',’550’,'menu11043.jpg');
Insert into menu values ('11000','11044','Soup',’wonton soup’,’chicken’,'non-veg',’550’,'menu11044.jpg');
Insert into menu values ('11000','11045','Soup',’sweet corn soup’,’crab’,'non-veg',’550’,'menu11045.jpg');
Insert into menu values ('11000','11046','Soup',’sweet corn soup’,’vegetables’,'veg',’550’,'menu11046.jpg');
Insert into menu values ('11000','11047','Soup',’sweet corn soup’,’chicken’,'non-veg',’550’,'menu11047.jpg');
Insert into menu values ('11000','11048','Seafood',’lobster’,’chef leong superior spicy chilli sauce’,'non-veg',’2200’,'menu11048.jpg');
Insert into menu values ('11000','11049','Seafood',’lobster’,’steamed garlic and superior soya sauce’,'non-veg',’2200’,'menu11049.jpg');
Insert into menu values ('11000','11050','Seafood',’lobster’,’black bean sauce’,'non-veg',’2200’,'menu11050.jpg');
Insert into menu values ('11000','11051','Seafood',’lobster’,’ginger, spring onion’,'non-veg',’2200’,'menu11051.jpg');
Insert into menu values ('11000','11052','Seafood',’steamed Chilean sea bass’,’szechuanchilli bean pasta, superior soya sauce, hunan spicy sauce’,'non-veg',’2200’,'menu11052.jpg');
Insert into menu values ('11000','11053','Seafood',’pomfret fillet’,’black pepper, sweet and sour, hunan ginger spicy sauce’,'non-veg',’2200’,'menu11053.jpg');
Insert into menu values ('11000','11054','Seafood’,’wok tossed fresh water prawn, ginger, Chinese wine, black fungus and mushroom, egg in clay pot’,'non-veg',’1900’,'menu11054.jpg');
Insert into menu values ('11000','11055','Seafood’,’prawn stir fried, preserved chilli, garlic’,'non-veg',’1700’,'menu11055.jpg');
Insert into menu values ('11000','11056','Seafood’,’prawn stir-fried, Szechuan chilli bean pasta, deng long chilli in clay pot’,'non-veg',’1700’,'menu11056.jpg');
Insert into menu values ('11000','11057','Seafood’,’fu yung’,’prawn’,'non-veg',’1700’,'menu11057.jpg');
Insert into menu values ('11000','11058','Seafood’,’deep-fried fish sweet and sour sauce, pineapple’,'non-veg',’1600’,'menu11058.jpg');
Insert into menu values ('11000','11059','Seafood’,’wok-fried cuttle fish, szechuan spicy chilli bean paste’,'non-veg',’1600’,'menu11059.jpg');
Insert into menu values ('11000','11060','Poultry’,’fu yung’,’chicken’,'non-veg',’1250’,'menu11060.jpg');
Insert into menu values ('11000','11061','Poultry’,’”kungpo” chicken cashew nut, “hongkong” style’,'non-veg',’1250’,'menu11061.jpg');
Insert into menu values ('11000','11062','Poultry’,’stir-fried chicken, bamboo shoots, mushrooms, szechauanchilli paste’,'non-veg',’1250’,'menu11062.jpg');
Insert into menu values ('11000','11063','Poultry’,’wok tossed chicken, green chilli, black bean sauce’,'non-veg',’1250’,'menu11063.jpg');
Insert into menu values ('11000','11064','Poultry’,’stir-fried chicken, ginger and spring onion’,'non-veg',’1050’,'menu11064.jpg');
Insert into menu values ('11000','11065','Pork and Lamb’,’stir-fried sliced lamb, red chilli, chinese celery, “Yunnan” style’,'non-veg',’1400’,'menu11065.jpg');
Insert into menu values ('11000','11066','Pork andLamb’,’wok-fried sliced lamb, preserved chilli, yellow bean sauce’,'non-veg',’1400’,'menu11066.jpg');
Insert into menu values ('11000','11067','Pork and Lamb’,’pan-fried lamb rack, black pepper’,'non-veg',’1400’,'menu11067.jpg');
Insert into menu values ('11000','11068','Pork and Lamb’,’steamed pork belly, chinese cabbage, minced garlic, ginger, “Yunnan” style’,'non-veg',’1200’,'menu11068.jpg');
Insert into menu values ('11000','11069','Pork and Lamb’,’wok-fried sliced pork, exotic vegetables, mushrooms, chilli bean paste’,'non-veg',’1200’,'menu11069.jpg');
Insert into menu values ('11000','11070','Vegetables’,’wok tossed asparagus, chinese garlic’,'veg',’950’,'menu11070.jpg');
Insert into menu values ('11000','11071','Vegetables’,’steamed bean curd, black bean, spring onion’,'veg',’925’,'menu11071.jpg');
Insert into menu values ('11000','11072','Vegetables’,’stewed bean curd “ma po” style, vegetables chilli bean paste in clay pot’,'veg',’925’,'menu11072.jpg');
Insert into menu values ('11000','11073','Vegetables’,’fried bean curd, chilli bean paste, deng long chilli in clay pot’,'veg',’925’,'menu11073.jpg');
Insert into menu values ('11000','11074','Vegetables’,’wok fried asparagus, broccoli, bamboo pith and wolfberries’,'veg',’850’,'menu11074.jpg');
Insert into menu values ('11000','11075','Vegetables’,’wok fried white and green asparagus’,'veg',’850’,'menu11075.jpg');
Insert into menu values ('11000','11076','Vegetables’,’braised lo han vegetables, forest mushroom’,'veg',’850’,'menu11076.jpg');
Insert into menu values ('11000','11077','Vegetables’,’traditional style assorted mushroom tossed with spicy sauce’,'veg',’850’,'menu11077.jpg');
Insert into menu values ('11000','11078','Vegetables’,’braised eggplant, wild mushroom, water chestnut, dou ban sauce in clay pot’,'veg',’850’,'menu11078.jpg');
Insert into menu values ('11000','11079','Vegetables’,’lotus root, fungus celery, assorted mushroom’,'veg',’850’,'menu11079.jpg');
Insert into menu values ('11000','11080','Vegetables’,’stir-fried assorted green vegetables, sautéed garlic’,'veg',’850’,'menu11080.jpg');
Insert into menu values ('11000','11081','Vegetables’,’assorted vegetables with black bean sauce’,'veg',’850’,'menu11081.jpg');
Insert into menu values ('11000','11082','Vegetables’,’french bean, bird eye chilli, yellow bean sauce’,'veg',’850’,'menu11082.jpg');
Insert into menu values ('11000','11083','Vegetables’,’mock chicken’,’sweet and sour’,'non-veg',’850’,'menu11083.jpg');
Insert into menu values ('11000','11084','Vegetables’,’mock chicken’,’”kungpo”style’,'non-veg',’850’,'menu11084.jpg');
Insert into menu values ('11000','11085','Vegetables’,’mock fish’,’black pepper’,'non-veg',’850’,'menu11085.jpg');
Insert into menu values ('11000','11086','Vegetables’,’mock fish’,’sweet and sour’,'non-veg',’850’,'menu11086.jpg');
Insert into menu values ('11000','11087','Rice and Noodles’,’dandannoodles ’,’chicken’,'non-veg',’700’,'menu11087.jpg');
Insert into menu values ('11000','11088','Rice and Noodles’,’dandan noodles’,’vegetables’,'veg',’700’,'menu11088.jpg');
Insert into menu values ('11000','11089','Rice and Noodles’,’wok-fried glass noodles, chilli bean paste’,’chicken’,'non-veg',’700’,'menu11089.jpg');
Insert into menu values ('11000','11090','Rice and Noodles’,’wok-fried glass noodles, chilli bean paste’,’vegetables’,'veg',’700’,'menu11090.jpg');
Insert into menu values ('11000','11091','Rice and Noodles’,’”Yunnan style” crispy noodles, shrimps, scallops, mushrooms’,'non-veg',’700’,'menu11091.jpg');
Insert into menu values ('11000','11092','Rice and Noodles’,’fried noodles, Chinese vegetables’,’chicken’,'non-veg',’700’,'menu11092.jpg');
Insert into menu values ('11000','11093','Rice and Noodles’,’fried noodles, Chinese vegetables’,’shrimp’,'non-veg',’700’,'menu11093.jpg');
Insert into menu values ('11000','11094','Rice and Noodles’,’fried noodles, Chinese vegetables’,’vegetables’,'veg',’700’,'menu11094.jpg');
Insert into menu values ('11000','11095','Rice and Noodles’,’yangzhou fried rice’,'non-veg',’700’,'menu11095.jpg');
Insert into menu values ('11000','11096','Rice and Noodles’,’wok-fried rice’,’chicken’,'non-veg',’700’,'menu11096.jpg');
Insert into menu values ('11000','11097','Rice and Noodles’,’wok-fried rice’,’shrimp’,'non-veg',’700’,'menu11097.jpg');
Insert into menu values ('11000','11098','Rice and Noodles’,’wok-fried rice’,’vegetables’,’veg',’700’,'menu110968.jpg');
Insert into menu values ('11000','11099','Rice and Noodles’,’steamed jasmine rice’,’chicken’,'veg',’550’,'menu11099.jpg');
Insert into menu values ('11000','11100','Desserts’,’ginger chocolate fondue, seasonal fresh fruit, banana spring rolls, fresh berries’,'veg',’1100’,'menu11100.jpg');
Insert into menu values ('11000','11101','Desserts’,’lemongrass crème brulee’,'veg',’525’,'menu11101.jpg');
Insert into menu values ('11000','11102','Desserts’,’pomelo mango sago, vanilla ice cream’,'veg',’525’,'menu11102.jpg');
Insert into menu values ('11000','11103','Desserts’,’sticky date cake, five spice caramel’,'veg',’525’,'menu11103.jpg');
Insert into menu values ('11000','11104','Desserts’,’sweet chilli chocolate mousse in brittle basket’,'veg',’525’,'menu11104.jpg');
Insert into menu values ('11000','11105','Desserts’,’snow rainbow cake’,'veg',’525’,'menu11105.jpg');


Insert into menu values ('11000','11001','Dim-Sum','ying yang har gao',' ','non-veg','525','menu11001.jpg');
Insert into menu values ('11000','11002','Dim-Sum','steamed shrimps dumpling scallop',' ','non-veg','525','menu11002.jpg');
Insert into menu values ('11000','11003','Dim-Sum','deep fried scallop, prawn and sweet corn puff',' ','non-veg','525','menu11003.jpg');
Insert into menu values ('11000','11004','Dim-Sum','steamed minced lamb dumpling, young ginger',' ','non-veg','525','menu11004.jpg');
Insert into menu values ('11000','11005','Dim-Sum','chickenpakchoi dumpling with superior sauce, chilli oil',' ','non-veg','525','menu11005.jpg');
Insert into menu values ('11000','11006','Dim-Sum','steamed prawn and chicken sui mai, tobiko',' ','non-veg','525','menu11006.jpg');
Insert into menu values ('11000','11007','Dim-Sum','BBQ pork bun',' ','non-veg','525','menu11007.jpg');
Insert into menu values ('11000','11008','Dim-Sum','ginger chicken bun',' ','non-veg','525','menu11008.jpg');
Insert into menu values ('11000','11009','Dim-Sum','pan-fried chicken ‘guo tie’',' ','non-veg','525','menu11009.jpg');
Insert into menu values ('11000','11010','Dim-Sum','crispy spring rolls, mushroom, milk in truffle oil',' ','veg','600','menu11010.jpg');
Insert into menu values ('11000','11011','Dim-Sum','thousand layer radish puff, mock ham',' ','veg','525','menu11011.jpg');

Insert into menu values ('11000','11020','Appetizers','steamed alaskan crab leg, garlic sauce',' ','non-veg','825','menu11020.jpg');
Insert into menu values ('11000','11021','Appetizers','champagne pork chop',' ','non-veg','600','menu11021.jpg');
Insert into menu values ('11000','11022','Appetizers','crispy chicken with chef leong’s superior spicy sauce',' ','non-veg','600','menu11022.jpg');
Insert into menu values ('11000','11023','Appetizers','”Yunnan style” marinated shredded chicken, fresh coriander, bird eye chilli, lemon juice',' ','non-veg','600','menu11023.jpg');
Insert into menu values ('11000','11024','Appetizers','wok-fried shimeiji mushroom, dry chilli, green bean',' ','veg','600','menu11024.jpg');
Insert into menu values ('11000','11025','Appetizers','vegetable dao su',' ','veg','550','menu11025.jpg');
Insert into menu values ('11000','11026','Appetizers','black fungud tossed with rice vinegar',' ','veg','550','menu11026.jpg');
Insert into menu values ('11000','11027','Appetizers','deep fried sweet corn with fragrant spicy chilli sauce',' ','veg','550','menu11027.jpg');
Insert into menu values ('11000','11028','Appetizers','crispy lotus root, fragrant spicy chilli sauce',' ','veg','550','menu11028.jpg');

Insert into menu values ('11000','11040','Soup','braised seafood soup', 'diced bean curd','veg','550','menu11040.jpg');
Insert into menu values ('11000','11041','Soup','wonton soup','vegetables','veg','550','menu11041.jpg');
Insert into menu values ('11000','11042','Soup','wonton soup','chicken','non-veg','550','menu11042.jpg');
Insert into menu values ('11000','11043','Soup','szechuan soup','vegetables','veg','550','menu11043.jpg');
Insert into menu values ('11000','11044','Soup','wonton soup','chicken','non-veg','550','menu11044.jpg');
Insert into menu values ('11000','11045','Soup','sweet corn soup','crab','non-veg','550','menu11045.jpg');
Insert into menu values ('11000','11046','Soup','sweet corn soup','vegetables','veg','550','menu11046.jpg');
Insert into menu values ('11000','11047','Soup','sweet corn soup','chicken','non-veg','550','menu11047.jpg');
Insert into menu values ('11000','11048','Seafood','lobster','chef leong superior spicy chilli sauce','non-veg','2200','menu11048.jpg');
Insert into menu values ('11000','11049','Seafood','lobster','steamed garlic and superior soya sauce','non-veg','2200','menu11049.jpg');
Insert into menu values ('11000','11050','Seafood','lobster','black bean sauce','non-veg','2200','menu11050.jpg');
Insert into menu values ('11000','11051','Seafood','lobster','ginger, spring onion','non-veg','2200','menu11051.jpg');
Insert into menu values ('11000','11052','Seafood','steamed Chilean sea bass','szechuanchilli bean pasta, superior soya sauce, hunan spicy sauce','non-veg','2200','menu11052.jpg');
Insert into menu values ('11000','11053','Seafood','pomfret fillet','black pepper, sweet and sour, hunan ginger spicy sauce','non-veg','2200','menu11053.jpg');
Insert into menu values ('11000','11054','Seafood','wok tossed fresh water prawn, ginger, Chinese wine, black fungus and mushroom, egg in clay pot',' ','non-veg','1900','menu11054.jpg');
Insert into menu values ('11000','11055','Seafood','prawn stir fried, preserved chilli, garlic',' ','non-veg','1700','menu11055.jpg');
Insert into menu values ('11000','11056','Seafood','prawn stir-fried, Szechuan chilli bean pasta, deng long chilli in clay pot',' ','non-veg','1700','menu11056.jpg');

Insert into menu values ('11000','11078','Vegetables','braised eggplant, wild mushroom, water chestnut, dou ban sauce in clay pot',' ','veg','850','menu11078.jpg');
Insert into menu values ('11000','11079','Vegetables','lotus root, fungus celery, assorted mushroom',' ','veg','850','menu11079.jpg');
Insert into menu values ('11000','11080','Vegetables','stir-fried assorted green vegetables, sautéed garlic',' ','veg','850','menu11080.jpg');
Insert into menu values ('11000','11081','Vegetables','assorted vegetables with black bean sauce',' ','veg','850','menu11081.jpg');
Insert into menu values ('11000','11082','Vegetables','french bean, bird eye chilli, yellow bean sauce',' ','veg','850','menu11082.jpg');
Insert into menu values ('11000','11083','Vegetables','mock chicken’,’sweet and sour',' ','non-veg','850','menu11083.jpg');
Insert into menu values ('11000','11084','Vegetables','mock chicken’,’”kungpo”style',' ','non-veg','850','menu11084.jpg');
Insert into menu values ('11000','11085','Vegetables','mock fish’,’black pepper',' ','non-veg','850','menu11085.jpg');
Insert into menu values ('11000','11086','Vegetables','mock fish’,’sweet and sour',' ','non-veg','850','menu11086.jpg');

Insert into menu values ('11000','11100','Desserts','ginger chocolate fondue, seasonal fresh fruit, banana spring rolls, fresh berries',' ','veg','1100','menu11100.jpg');
Insert into menu values ('11000','11101','Desserts','lemongrass crème brulee',' ','veg','525','menu11101.jpg');
Insert into menu values ('11000','11102','Desserts','pomelo mango sago, vanilla ice cream',' ','veg','525','menu11102.jpg');
Insert into menu values ('11000','11103','Desserts','sticky date cake, five spice caramel',' ','veg','525','menu11103.jpg');
Insert into menu values ('11000','11104','Desserts','sweet chilli chocolate mousse in brittle basket',' ','veg','525','menu11104.jpg');
Insert into menu values ('11000','11105','Desserts','snow rainbow cake',' ','veg','525','menu11105.jpg');

insert into menutype values('11000','Dim-Sum','Dim Sum');
insert into menutype values('11000','Appetizers','Appetizers');
insert into menutype values('11000','Soup','Soup');
insert into menutype values('11000','Seafood','Seafood');
insert into menutype values('11000','Vegetables','Vegetables');
insert into menutype values('11000','Desserts','Desserts');

commit;